source,reference,qwen_text,gemini_text,qwen_score,qwen_reason,gemini_score,gemini_reason
traga,"toloa, cuajkua",Xikpatla,Xitolo,1,"'Xikpatla' significa 'cámbialo' o 'intercambialo', no tiene relación con el verbo tragar.",4,"Utiliza correctamente la raíz 'tolo' (tragar) en imperativo, aunque técnicamente requeriría el objeto 'k' (Xiktolo)."
" Algunos quedaban convencidos por lo que decía, pero otros no creían","Sequimej oquineltocaquej on tlen Pablo quijtohuaya, pero ocsequimej xoquiselijquej. ","In ye quen oquimatiaya in tlacameh in tlen oquimotlatolli, ye quen otlacamatia. In tlacameh oquimatiaya in tlen oquimotlatolli. In tlacameh otlacamatia. In tlacameh oquimatiaya in tlen oquimotlatolli. In tlacameh otlacamatia. In tl","Cequintin quineltocayah in tlein quihtoaya, auh occequintin amo tlaneltocayah.",1,"El texto es repetitivo, incoherente, está truncado y no traduce el sentido de la oración original.",5,"Traducción excelente en náhuatl clásico; utiliza correctamente los cuantificadores, tiempos verbales y la estructura gramatical."
" Y por cuanto sois hijos, Dios envió a nuestros corazones el Espíritu de su Hijo, que clama: ""Abba, Padre.","Niman para mechititia ica nemejhuamej nenteconehuan itech, Dios ocuajtitlan ipan toyojlo iEspíritu on iConetzin.Niman on Espíritu techchihualtia para tiquijliaj Dios: “NoTajtzin!” ","In tlen yejhuan xchihuajlasquej, on toTeco oquichijcau ipan totonemilistli on Espíritu itechcopa iteco, yejhuan quijtosnequi: “Abba, Tajtzin. ”","Auh ipampa ca amonconeuan, Dios oquititlan toyollohuan itech iEspiritu iConehuatzin, tlein tzatzi: ""Abba, Notatzine"".",2,"Incoherente: confunde términos clave como 'iteco' (su dueño) por 'hijo', 'quijtosnequi' (significa) por 'clama', y la gramática verbal es deficiente.",5,"Excelente: utiliza una gramática precisa (estilo clásico/central), traduce fielmente 'ipampa ca' (por cuanto) y emplea correctamente el vocativo 'Notatzine'."
Así lo nombran porque sirve para tomarse como agua fresca y da frutos pequeños.,Kitokaytiaj limonkuouit por qué kualtia para se tayis kemej agua fresca uan taki tsikitsitsin.,Inin quinequi inic tlahuac atl quichihua ihuan quipia tletl tlahuel tlaolli.\,Ihuin quitocayotiā ipampa hueli conihua quence cecec atl ihuan quitemaca tepitzin itlaquillo.,1,Es una alucinación total. Traduce 'da frutos pequeños' como 'tiene fuego muy maíz' (quipia tletl tlahuel tlaolli) y no tiene coherencia gramatical ni semántica con el original.,5,"Excelente traducción en náhuatl central/clásico. Utiliza verbos correctos (quitocayotiā, conihua), estructuras gramaticales precisas y un vocabulario adecuado para 'fruto' (itlaquillo)."
"Para entonces, hacía 137 años que los mexicas habían salido de su morada de Aztlan; asimismo, Mallatzin, duodécimo tlatohuani de Colhuacan, llevaba 10 años gobernando.",Auh yn ihcuac yn ye iuh ne- || 32v -pa chicuacenpohualloncaxtolli ypan onxihuitl hualquizque yn ompa ynchan Aztlan yn mexica; yn ihcuac yn ye iuh nepa matlacxihuitl tlahtocati yn Mallatzin yn icmatlactlomome tlahtohuani Culhuacan.,In yuhqui oncan ye quipia in caxtolli xihuitl yn omoteneuh yn mexica yn otzalanque yn Aztlan; niman yn itoca Mallatzin yn icome tlahtohuani yn Colhuacan oquichiu yn chicueyi xihuitl tlahtocat.,"In ihcuac, ye chicuacepohualli oncaxtolli omome xihuitl in mexicah oquizqueh inchan Aztlan; noihuan Mallatzin, inic matlactli onome tlatohuani Colhuacan, ye matlactli xihuitl otlatocat.",1,Errores graves en cifras (caxtolli=15 en vez de 137; icome=2º en vez de 12º; chicueyi=8 en vez de 10) y vocabulario incorrecto.,5,"Traducción precisa: maneja correctamente el sistema vigesimal (137 = chicuacepohualli oncaxtolli omome), el orden ordinal y la gramática clásica."
" Entonces Jesús les dijo: --Yo os haré una pregunta.Respondedme, y yo os diré con qué autoridad hago estas cosas","Quemaj Jesús oquimijlij: ―Nejhua no nicpia tlen nemechtlajtoltis.Tla nennechijlisquej, nejhua no nemechijlis ican tlen tequihuajyotl nicchihua in tlajtlamach. ","Ijcuac Jesús oquijtoj, oquimijlij: ―Nemechtlajtlanilican nemechtlajtlajtohuaj. Xinechmomaquixtijquej, niman nejhua nemechtlajtlajtohuas nemechtlajtlajtohua nican nochi tlajtlamach yejhuan niquichihuas.","Auh in Jesús quimilhui: —Nimechtlatlaniz centetl tlamantli. Naninechnanquilican, ihuan nehuatl nimechilhuiz ica tlein tequihuahyotl nicchihua inin tlamantli.",1,"Errores gramaticales graves, redundancias y léxico incorrecto; usa 'sálvenme' (maquixtia) en lugar de 'respóndanme'.",5,"Traducción excelente en náhuatl clásico/estándar, gramaticalmente correcta y fiel al sentido original."
"Tu atabal de jades,tu caracol rojo y azul así los haces ya resonar, tú, Yoyontzin.","Mochalchiuhteponaz,in moxiuhquecholquiquiz, yuh tocon ya pitza, zan ye ti Yoyontzin.","Ximotlatzotzonal, ximotlachihual, ximotlachihual, ximotlachihual, ximotlachihual, ximotlachihual, ximotlachihual, ximotlachihual, ximotlachihual, ximotlachihual,","Mochalchiuhhuehuel, moxiuhtlapaltecciz, ye ticmehuiltia, titehuatl tiYoyontzin.",1,La traducción es un error algorítmico que repite la misma palabra sin sentido gramatical ni semántico.,5,"Excelente manejo de la aglutinación (mochalchiuhhuehuel, moxiuhtlapaltecciz) y gramática correcta, respetando el estilo poético del original."
".	Y cuando han acabado de arreglarlo luego lo meten en el armazón de madera, lo atan con cuerdas de cargar; luego lo	llevan a la cumbre de un cerro;",.	Auh in oconcencauhque niman ye cacaxco conteca quihilpia cacaxmecatica. Niman ye quiuica in tepeticpac;,.	cauhtlauhtli tlahtolli quicuauhtia in tlaxtlahuacan in tlaxtlahuacan in tlaxtlahuacan in tlaxtlahuacan in tlaxtlahuacan in tlaxtlahuacan in tlaxtlahuacan in tlaxtlahuacan in tlaxtlahuacan in tlaxtlahuacan in tlaxtlahuacan in tlax,"Auh in ihcuac oquicencauhqueh, niman quicalaquia in cuauhcalli ihtic, quimecapaltia; niman quihuica in tepetl icpac.",1,El texto es una alucinación con repeticiones sin sentido de la palabra 'tlaxtlahuacan' y no guarda ninguna relación con el original.,5,"Traducción excelente y gramaticalmente correcta. Captura con precisión el sentido de 'armazón de madera' (cuauhcalli) y 'cuerdas de cargar' (mecapaltia), siguiendo una estructura nahuatl natural."
" Él envió de nuevo otros siervos, en mayor número que los primeros, y les hicieron lo mismo","On tlalejquetl ocsejpa ocsequimej oquintitlan on itequichihuilijcahuan, niman más miyequej xquen ijcuac achtoj oquintitlanca.Pero on medieros sa no ijqui oquinchihuilijquej. ","Xmotlajtlacotzinojquej oquichijquej ocse tlacamej yejhuan más hueyixtijquej, niman oquichijquej on tlen oquimijlijquej.","Occeppa quintitlani occequintin tlayolmehuiltin, oc cenca miequintin in amo in achtohuameh; ihuan no iuhquin quinchihuilihqueh.",1,"Confunde el verbo principal (enviar por hacer/oquichijquej), carece de cohesión gramatical y no traduce correctamente la comparación de cantidad.",5,"Traducción precisa en registro clásico; emplea correctamente 'occeppa' (de nuevo), 'tlayolmehuiltin' (servidores) y mantiene la estructura sintáctica original."
"Como nuestros cantos,como nuestras flores,así, tú, el guerrero de cabeza rapada,das alegría al Dador de la vida.","In neneuhqui in tocuic, neneuhqui in toxochiuh, can tiquaoxpan, in toconahuiltia ypalnemoa.","In tlatzotzonalli, in xochitl, in tlen timocuepazqueh, in tlacatl tlapacholli, tlamahuiztli quimomachiltia.","In iuhquin tocuic, in iuhquin toxochi, iuh tehuatl, tiquachic, ticpaquiltia in Ipalnemoani.",1,"Traducción incoherente que pierde la gramática posesiva, usa términos erróneos (tlapacholli por cabeza rapada) y no captura el sentido del Dador de la Vida.",5,Excelente uso de la gramática náhuatl clásica y léxico preciso; identifica correctamente al guerrero 'quachic' y al 'Ipalnemoani' con gran fluidez poética.
¿Qué es lo que nos mostrará el camino?,¿ Tle tlaotlatoctiz?,¿Tlen quimachiliz in ohtli?,¿Tlein techititiz in ohtli?,2,"El verbo 'quimachiliz' significa 'lo conocerá' o 'lo sabrá', no 'mostrará'; además, omite el pronombre 'nos' (tech).",5,"Traducción precisa: utiliza correctamente el interrogativo 'tlein', el prefijo de objeto 'tech-' (nos), el verbo causativo 'ititiz' (mostrará) y el sustantivo 'ohtli' (camino)."
" Y al aparecer el Príncipe de los pastores, recibiréis la inmarchitable corona de gloria","Ijcuac huajnonextis Cristo, yejhuan quinmandarohua on tlajpixquej, nenquiselisquej se tetlayocolijli sanoyej cualtzin yejhuan xqueman popolihui xquen se tetlayocolijli yejhuan ticseliaj ipan in tlalticpactli. ","In Ipanon tequihuani, niman tiquinmacazqueh in amotlaliliztli tlachializtli.","Auh in ihcuac monextiz in Tlayecancatzintli in tlapixque, anquicelizque in mahuizotic copilli in amo quenmanian cuetlahuiz.",1,"Inconexa y gramaticalmente incorrecta; usa la primera persona plural 'nosotros daremos' en lugar de la segunda 'recibiréis', y el vocabulario no corresponde al sentido del texto.",5,"Excelente traducción en náhuatl clásico; emplea correctamente los honoríficos, la conjugación verbal de futuro y una metáfora precisa para 'inmarchitable' (amo quenmanian cuetlahuiz)."
"Luego quitaron las cadenas a los señores de Tenochtitlan; y después de quitarles las cadenas, todos se fueron a Azcapotzalco.",Nima ye y quiualtoma Tenochtitlan tlatoque; yn oquiualtonque ye ui yn Azcapotzalco.,"Auh niman quincaquiltique yn tlahtoque Tenochtitlan; auh yn quincaquiltique yn tlahtoque, nozo ynic quimocuepque yn Azcapotzalco.","Niman oquinquixtilique in tepozmecatl in Tenochtitlan tlahtoqueh; auh zatepan in oquinquixtilique, mochtin yahqueh Azcapotzalco.",1,"Error léxico grave: usa el verbo 'caquiltia' (informar/hacer oír) en lugar de 'quitar' o 'desatar', perdiendo el sentido original.",5,Traducción muy precisa; emplea correctamente 'tepozmecatl' (cadenas) y la estructura gramatical de pasado es adecuada.
"Y como es verdad aquí ponemos nuestro nombre y nuestra firma, Hecho en México. Don Martin Cortes, regidor, don Antonio de Mendoza, regidor. Pasó ante mí Juan de San Francisco, escribano nombrado.",Auh ynic nelli nican titlallia totoca yhuan tofirmas fecho en Mexico. Don Martin Cortes regidor Don Antonio de Mendoza regidor pasó ante mi Juan de San Francisco escrivano nombrado.,"Ynic tla in tlacatiliztli nican tictlaxtlahuazqueh in itoca nochi in itoca inic oncan Mexico. Don Martin Cortes regidor, don Antonio de Mendoza regidor. Yn ipan oncan nican oncan oncan oncan oncan oncan oncan oncan oncan oncan oncan oncan oncan oncan oncan oncan oncan","Auh inic nelli, nican tictlalia totoca ihuan tofirmas. Omochiuh ipan Mexico. Don Martin Cortes, regidor, don Antonio de Mendoza, regidor. Nixpan mochiuh, nehuatl Juan de San Francisco, escribano motenehua.",1,"La traducción es incoherente, utiliza términos erróneos (como 'nacimiento' y 'pagaremos') y termina en un bucle infinito de la palabra 'oncan'.",5,Traducción excelente y gramaticalmente correcta. Captura con precisión las fórmulas legales coloniales ('nixpan mochiuh') y mantiene el sentido del original.
 para que todo aquel que cree en él tenga vida eterna,"para nochi on yejhuan nechneltocas xmiquis, yej quipias nemilistli para nochipa. ","In yejhua in quen oncaj itech Cristo, nochi on tlacatl yejhuan quineltocatia Cristo, xqueman quinmictis. In yejhua in quen oncaj itech Cristo, nochi on tlacatl yejhuan quineltocatia Cristo, xqueman quimiquilis. In yejhua in quen oncaj itech Cristo, no",inic mochi aquin itech tlaneltoca quipiaz cemmicac yoliliztli.,1,"Texto incompleto, repetitivo, incluye términos no presentes en el original y usa verbos incorrectos (quinmictis es matar, no morir).",5,Traducción precisa y gramaticalmente correcta en náhuatl clásico; emplea términos adecuados como 'inic' para propósito y 'cemmicac' para eterno.
