source,reference,qwen,gemini,gpt,score_qwen,score_gemini,score_gpt
traga,"toloa, cuajkua","Xikpatla
<end_of_turn>",Xitolo.,"ERROR_OPENAI: Error code: 400 - {'error': {'message': ""Unsupported value: 'temperature' does not support 0.0 with this model. Only the default (1) value is supported."", 'type': 'invalid_request_error', 'param': 'temperature', 'code': 'unsupported_value'}}",1,5,1
" Algunos quedaban convencidos por lo que decía, pero otros no creían","Sequimej oquineltocaquej on tlen Pablo quijtohuaya, pero ocsequimej xoquiselijquej. ","In ye quen oquimatiaya in tlacameh in tlen oquimotlatolli, ye quen otlacamatia. In tlacameh oquimatiaya in tlen oquimotlatolli. In tlacameh otlacamatia. In tlacameh oquimatiaya in tlen oquimotlatolli. In tlacameh otlacamatia. In tlacameh oquimatiaya in tlen oquimotlatolli. In tlacameh otlacamat","Cequintin quineltocāyah in tlein quihtoāye, auh cequintin ahmo tlaneltocāyah.","ERROR_OPENAI: Error code: 400 - {'error': {'message': ""Unsupported value: 'temperature' does not support 0.0 with this model. Only the default (1) value is supported."", 'type': 'invalid_request_error', 'param': 'temperature', 'code': 'unsupported_value'}}",1,5,1
" Y por cuanto sois hijos, Dios envió a nuestros corazones el Espíritu de su Hijo, que clama: ""Abba, Padre.","Niman para mechititia ica nemejhuamej nenteconehuan itech, Dios ocuajtitlan ipan toyojlo iEspíritu on iConetzin.Niman on Espíritu techchihualtia para tiquijliaj Dios: “NoTajtzin!” ","In tlen yejhuan xchihuajlasquej, on toTeco oquichijcau ipan totonemilistli on Espíritu itechcopa iteco, yejhuan quijtosnequi: “Abba, Tajtzin. ”<end_of_turn>","Auh yehica in amonpiltzin, in Dios oquihualmihualli toyollocopa in iIhiyo in iPiltzin, in tzatzi: Abba, Tatziné.","ERROR_OPENAI: Error code: 400 - {'error': {'message': ""Unsupported value: 'temperature' does not support 0.0 with this model. Only the default (1) value is supported."", 'type': 'invalid_request_error', 'param': 'temperature', 'code': 'unsupported_value'}}",2,5,1
Así lo nombran porque sirve para tomarse como agua fresca y da frutos pequeños.,Kitokaytiaj limonkuouit por qué kualtia para se tayis kemej agua fresca uan taki tsikitsitsin.,Inin quinequi inic tlahuac atl quichihua ihuan quipia tletl tlahuel tlaolli.\<end_of_turn>,"Yuh quitocayotiā īpampa iuhqui cecec ātl mōnīz, īhuān tēpitōn tlacyōtia.","ERROR_OPENAI: Error code: 400 - {'error': {'message': ""Unsupported value: 'temperature' does not support 0.0 with this model. Only the default (1) value is supported."", 'type': 'invalid_request_error', 'param': 'temperature', 'code': 'unsupported_value'}}",1,5,1
"Para entonces, hacía 137 años que los mexicas habían salido de su morada de Aztlan; asimismo, Mallatzin, duodécimo tlatohuani de Colhuacan, llevaba 10 años gobernando.",Auh yn ihcuac yn ye iuh ne- || 32v -pa chicuacenpohualloncaxtolli ypan onxihuitl hualquizque yn ompa ynchan Aztlan yn mexica; yn ihcuac yn ye iuh nepa matlacxihuitl tlahtocati yn Mallatzin yn icmatlactlomome tlahtohuani Culhuacan.,In yuhqui oncan ye quipia in caxtolli xihuitl yn omoteneuh yn mexica yn otzalanque yn Aztlan; niman yn itoca Mallatzin yn icome tlahtohuani yn Colhuacan oquichiu yn chicueyi xihuitl tlahtocat.,"In ihcuac, ye chicuacepohualli on caxtolli omome xihuitl in oquizqueh Mexicah in inchan Aztlan; no ihuan Mallatzin, ic mahtlactli on omome tlahtoani in Colhuacan, ye mahtlacxihuitl in quitlahtocaticatca.","ERROR_OPENAI: Error code: 400 - {'error': {'message': ""Unsupported value: 'temperature' does not support 0.0 with this model. Only the default (1) value is supported."", 'type': 'invalid_request_error', 'param': 'temperature', 'code': 'unsupported_value'}}",2,5,1
" Entonces Jesús les dijo: --Yo os haré una pregunta.Respondedme, y yo os diré con qué autoridad hago estas cosas","Quemaj Jesús oquimijlij: ―Nejhua no nicpia tlen nemechtlajtoltis.Tla nennechijlisquej, nejhua no nemechijlis ican tlen tequihuajyotl nicchihua in tlajtlamach. ","Ijcuac Jesús oquijtoj, oquimijlij: ―Nemechtlajtlanilican nemechtlajtlajtohuaj. Xinechmomaquixtijquej, niman nejhua nemechtlajtlajtohuas nemechtlajtlajtohua nican nochi tlajtlamach yejhuan niquichihuas.	<end_of_turn>","Niman ic quimilhui in Jesús: —Centetl tlatlaniliztli amechtlatlaniz. Xinechnanquilican, auh nimechilhuiz in tlein chicahualiztica nicchihua inin.","ERROR_OPENAI: Error code: 400 - {'error': {'message': ""Unsupported value: 'temperature' does not support 0.0 with this model. Only the default (1) value is supported."", 'type': 'invalid_request_error', 'param': 'temperature', 'code': 'unsupported_value'}}",2,5,1
"Tu atabal de jades,tu caracol rojo y azul así los haces ya resonar, tú, Yoyontzin.","Mochalchiuhteponaz,in moxiuhquecholquiquiz, yuh tocon ya pitza, zan ye ti Yoyontzin.","Ximotlatzotzonal, ximotlachihual, ximotlachihual, ximotlachihual, ximotlachihual, ximotlachihual, ximotlachihual, ximotlachihual, ximotlachihual, ximotlachihual, ximotlachihual, ximotlachihual, ximotlachihual, ximotlachihual, ximotlachihual, ximotlachihual","Mochalchiuhhuehueuh, motecciz tlapalquilitl, ic tiquinnitzoaya, tiYoyontzin.","ERROR_OPENAI: Error code: 400 - {'error': {'message': ""Unsupported value: 'temperature' does not support 0.0 with this model. Only the default (1) value is supported."", 'type': 'invalid_request_error', 'param': 'temperature', 'code': 'unsupported_value'}}",1,4,1
".	Y cuando han acabado de arreglarlo luego lo meten en el armazón de madera, lo atan con cuerdas de cargar; luego lo	llevan a la cumbre de un cerro;",.	Auh in oconcencauhque niman ye cacaxco conteca quihilpia cacaxmecatica. Niman ye quiuica in tepeticpac;,.	cauhtlauhtli tlahtolli quicuauhtia in tlaxtlahuacan in tlaxtlahuacan in tlaxtlahuacan in tlaxtlahuacan in tlaxtlahuacan in tlaxtlahuacan in tlaxtlahuacan in tlaxtlahuacan in tlaxtlahuacan in tlaxtlahuacan in tlaxtlahuacan in tlaxtlahuacan in tlaxtlahuacan in tlaxtlahuacan in tlaxtlahuacan in tlax,"Auh in ihcuac oconcenyectlalique, niman cuauhcalli ihtic quicalaquia, quimecatia; niman quitquihua in tepeicpac.","ERROR_OPENAI: Error code: 400 - {'error': {'message': ""Unsupported value: 'temperature' does not support 0.0 with this model. Only the default (1) value is supported."", 'type': 'invalid_request_error', 'param': 'temperature', 'code': 'unsupported_value'}}",1,5,1
" Él envió de nuevo otros siervos, en mayor número que los primeros, y les hicieron lo mismo","On tlalejquetl ocsejpa ocsequimej oquintitlan on itequichihuilijcahuan, niman más miyequej xquen ijcuac achtoj oquintitlanca.Pero on medieros sa no ijqui oquinchihuilijquej. ","Xmotlajtlacotzinojquej oquichijquej ocse tlacamej yejhuan más hueyixtijquej, niman oquichijquej on tlen oquimijlijquej.","Oc ceppa quintitlan oc cequintin tlayecoltin, oc ye miecquintin in achto; auh no iuh quinchiuque.","ERROR_OPENAI: Error code: 400 - {'error': {'message': ""Unsupported value: 'temperature' does not support 0.0 with this model. Only the default (1) value is supported."", 'type': 'invalid_request_error', 'param': 'temperature', 'code': 'unsupported_value'}}",2,5,1
"Como nuestros cantos,como nuestras flores,así, tú, el guerrero de cabeza rapada,das alegría al Dador de la vida.","In neneuhqui in tocuic, neneuhqui in toxochiuh, can tiquaoxpan, in toconahuiltia ypalnemoa.","In tlatzotzonalli, in xochitl, in tlen timocuepazqueh, in tlacatl tlapacholli, tlamahuiztli quimomachiltia. <end_of_turn>","Yuhquin tocuic, yuhquin toxoch, iuhqui tehuatl ticuachic, ticpaquiltia in Ipalnemoani.","ERROR_OPENAI: Error code: 400 - {'error': {'message': ""Unsupported value: 'temperature' does not support 0.0 with this model. Only the default (1) value is supported."", 'type': 'invalid_request_error', 'param': 'temperature', 'code': 'unsupported_value'}}",2,5,1
¿Qué es lo que nos mostrará el camino?,¿ Tle tlaotlatoctiz?,¿Tlen quimachiliz in ohtli?<end_of_turn>,¿Tlein in quitechittitiz in ohtli?,"ERROR_OPENAI: Error code: 400 - {'error': {'message': ""Unsupported value: 'temperature' does not support 0.0 with this model. Only the default (1) value is supported."", 'type': 'invalid_request_error', 'param': 'temperature', 'code': 'unsupported_value'}}",3,5,1
" Y al aparecer el Príncipe de los pastores, recibiréis la inmarchitable corona de gloria","Ijcuac huajnonextis Cristo, yejhuan quinmandarohua on tlajpixquej, nenquiselisquej se tetlayocolijli sanoyej cualtzin yejhuan xqueman popolihui xquen se tetlayocolijli yejhuan ticseliaj ipan in tlalticpactli. ","In Ipanon tequihuani, niman tiquinmacazqueh in amotlaliliztli tlachializtli.","Auh in ihcuac monextitzinoz in Inyacancatzin in ichcapixque, anquimacehuazque in mahuiztic corona in aic cuetlahuiz.","ERROR_OPENAI: Error code: 400 - {'error': {'message': ""Unsupported value: 'temperature' does not support 0.0 with this model. Only the default (1) value is supported."", 'type': 'invalid_request_error', 'param': 'temperature', 'code': 'unsupported_value'}}",2,5,1
"Luego quitaron las cadenas a los señores de Tenochtitlan; y después de quitarles las cadenas, todos se fueron a Azcapotzalco.",Nima ye y quiualtoma Tenochtitlan tlatoque; yn oquiualtonque ye ui yn Azcapotzalco.,"Auh niman quincaquiltique yn tlahtoque Tenochtitlan; auh yn quincaquiltique yn tlahtoque, nozo ynic quimocuepque yn Azcapotzalco. <end_of_turn>","Niman ic oquinquixtilique in intepozmeca in Tenochtitlan tlatoque; auh in oyuh quinquixtilique in tepozmecatl, niman mochtin oyaque in Azcapotzalco.","ERROR_OPENAI: Error code: 400 - {'error': {'message': ""Unsupported value: 'temperature' does not support 0.0 with this model. Only the default (1) value is supported."", 'type': 'invalid_request_error', 'param': 'temperature', 'code': 'unsupported_value'}}",2,5,1
"Y como es verdad aquí ponemos nuestro nombre y nuestra firma, Hecho en México. Don Martin Cortes, regidor, don Antonio de Mendoza, regidor. Pasó ante mí Juan de San Francisco, escribano nombrado.",Auh ynic nelli nican titlallia totoca yhuan tofirmas fecho en Mexico. Don Martin Cortes regidor Don Antonio de Mendoza regidor pasó ante mi Juan de San Francisco escrivano nombrado.,"Ynic tla in tlacatiliztli nican tictlaxtlahuazqueh in itoca nochi in itoca inic oncan Mexico. Don Martin Cortes regidor, don Antonio de Mendoza regidor. Yn ipan oncan nican oncan oncan oncan oncan oncan oncan oncan oncan oncan oncan oncan oncan oncan oncan oncan oncan oncan oncan oncan oncan oncan oncan oncan oncan oncan oncan oncan oncan oncan oncan oncan oncan oncan oncan","Auh yehica ca nelli nican tictlalia in totoca ihuan totlacuilolmachiyo. Mochiuh nican Mexicopan. Don Martin Cortes, regidor. Don Antonio de Mendoza, regidor. Nixpan mochiuh, Juan de San Francisco, escribano tocayotilli.","ERROR_OPENAI: Error code: 400 - {'error': {'message': ""Unsupported value: 'temperature' does not support 0.0 with this model. Only the default (1) value is supported."", 'type': 'invalid_request_error', 'param': 'temperature', 'code': 'unsupported_value'}}",1,5,1
 para que todo aquel que cree en él tenga vida eterna,"para nochi on yejhuan nechneltocas xmiquis, yej quipias nemilistli para nochipa. ","In yejhua in quen oncaj itech Cristo, nochi on tlacatl yejhuan quineltocatia Cristo, xqueman quinmictis. In yejhua in quen oncaj itech Cristo, nochi on tlacatl yejhuan quineltocatia Cristo, xqueman quimiquilis. In yejhua in quen oncaj itech Cristo, nochi on tlacatl yejhuan quineltocatia Cristo, xqueman quimictis. In yejh","Inic ixquich aquin itech tlaneltocaz, quimacehuaz in cemihcac yolistli.","ERROR_OPENAI: Error code: 400 - {'error': {'message': ""Unsupported value: 'temperature' does not support 0.0 with this model. Only the default (1) value is supported."", 'type': 'invalid_request_error', 'param': 'temperature', 'code': 'unsupported_value'}}",1,5,1
" En él también vosotros, habiendo oído la palabra de verdad, el evangelio de vuestra salvación, y habiendo creído en él, fuisteis sellados con el Espíritu Santo que había sido prometido","Niman no ijqui nemejhuamej yejhuan xnenhebreos onenquineltocaquej Jesucristo, ijcuac onencacquej on temachtilistli yejhuan tlen melahuac, on cuajli tlajtojli yejhuan quitemaca temaquixtilistli.Niman ijcuac onenquineltocaquej, Dios omechsellaroj ica on Espíritu Santo yejhuan omechprometerohuilijca.Niman ijcon nenteyaxcahuan yejhua itech. ",In yejhua ica nemechtlacamati in tlajtojli yejhuan ica onenquichihuasquej ica onenmachti ica onenquixnamiquisquej ica onenquichihuasquej ica onenquixnamiquisquej ica onenquichihuasquej ica onenquixnamiquisquej ica onenquichihuasquej ica onenquixnamiquisquej ica onenquichihuasquej ica onenquix,"In yehuatzin noihuan amehuantin, in icuac anquicacqueh in neltiliztlahtolli, in amonemaquixtiliztlahtoltzin; auh in icuac anquineltocaqueh, ytechcopa anmachiyotilloqueh ica in Yectli Espiritu in tlacuauhtlahtollotiloc.","ERROR_OPENAI: Error code: 400 - {'error': {'message': ""Unsupported value: 'temperature' does not support 0.0 with this model. Only the default (1) value is supported."", 'type': 'invalid_request_error', 'param': 'temperature', 'code': 'unsupported_value'}}",1,5,1
También el árbol se utiliza para linderos.,No se kikui linderos.,Inin cuahuitl mochihua in tlachihualiztli.,Noihuan in cuahuitl monequi inic cuaxochtli.,"ERROR_OPENAI: Error code: 400 - {'error': {'message': ""Unsupported value: 'temperature' does not support 0.0 with this model. Only the default (1) value is supported."", 'type': 'invalid_request_error', 'param': 'temperature', 'code': 'unsupported_value'}}",2,5,1
"34.	En ninguna parte con la falda, con la camisa ajena te des un golpe, te dañes. Con mucha calma, poco a poco ve viendo, ve dándote cuenta. No dos veces se vive en la tierra, sólo muy poquito, sólo muy poco tiempo se viene a sentir el calor gracias al Señor Nuestro. Sólo así se sale en la tierra. Porque si no, sólo cuando el corazón de Dios lo permita, nos corregirá y nos juzgará, y más nos dará en retorno, según nuestras obras, según nuestro merecimiento, aquello de lo que seamos dignos.","34.	Yhuan ma cana tecue, tehuipil ye timotzotzon, ye timohuitec. Cenca oc moyolic, ihuiyan, xonitztiuh, xommomattiuh. Ahmo oppatihua in tlalticpac, zan huel achitzinca, zan huel ixquichcahuitzintli in hualnetotonilo in ipaltzinco Totecuiyo. Zan ye oncenquiza in tlalticpac. Intlacamo, zan ihquac tlacahuaz in iyollotzin Dios, in techmozcaliliz yhuan techmotlatzontequililiz, yequene techmotlacuepcayotililiz in yuh ca totlachihual, in yuh ca tomacehual, tocnopil.","Auh ca in tlatzintli, in tlaçotlalpan, xtlacauh, xtlacatca. In tlahuelicpac, in tlahuelicpac, tlamachiliztli, tlamachiliztli, tlamachiliztli, tlamachiliztli. Auh ca in tlalticpactli, in tlalticpactli, zan cenca occeppa, zan cenca occeppa, zan cenca occeppa, zan cenca oc","34. Macamo canah in tecue, in tehuipil ic timotetzotzonaz, ic timoitlacoztic nemiz. Yolic, tlamach xiitzticah, ximomachiticah. Amo oppa nemohua in tlalticpac, zan achitzinca, zan cuel achic, zan tepiton in itonallo, in iyeyollo in toTecuiyo tiquitlahpaloa. Zan iuh nemohua in tlalticpac. Auh intlacahmo, in quenmanian zan ye iyollo in Dios, techahhuaz, techmelahuaz, auh occenca tepan techcuepiliz in quenin tochiuhtica, in quenin tomacehualtica, in tlein totech ommonequi.","ERROR_OPENAI: Error code: 400 - {'error': {'message': ""Unsupported value: 'temperature' does not support 0.0 with this model. Only the default (1) value is supported."", 'type': 'invalid_request_error', 'param': 'temperature', 'code': 'unsupported_value'}}",1,5,1
"Cuando se salió del palacio, todo se hizo como arriba se dijo, cuando fue sepultado el cuerpo de don fray García Guerra, arzobispo y virrey; se dispusieron de la misma manera, así se ordenaron todas las cofradías que hay en México, y así también se ordenaron los diversos religiosos que hay en México.","Auh ynic oncan quixohuac tecpan palacio, ca çanno yuh mochiuh yn tlacpac omoteneuh yn iuh mochiuh yn iuh tococ ynacayotzin teoyotica tlahtohuani don fray García Guerra arcobispo y virrey; yn iuh netecpanoc, çan ye nocuel yuh motecpan yn mochi cofradías oncatqui Mexico, yhuan çan ye nicuel yuh motecpantiaque yn nepapan teopixque monoltitoque Mexico.","In ye quimotlallico in palacio, ynic omochiuh yn itechcopa yn itoca don fray García Guerra arzobispo yhuan virrey, ynic omochiuh yn itechcopa, ynic omochiuh yn itechcopa, ynic omochiuh yn itechcopa, ynic omochiuh yn itechcopa, ynic omochiuh yn itechcopa, ynic omochiuh yn itechcopa, ynic omochiuh yn itechcopa, ynic","In ihcuac tecpanpa onquizaloc, mochi iuh mochiuh in iuh tlacpac omoteneuh, in ihcuac motocac in itlacayo don fray García Guerra, arzobispo ihuan visurrey; zanyenoiuhqui mocencauhque, iuh tlatecpantiuhque in ixquichtin cofradías in oncate Mexico, ihuan no iuh tlatecpantiuhque in nepapan teopixque in oncate Mexico.","ERROR_OPENAI: Error code: 400 - {'error': {'message': ""Unsupported value: 'temperature' does not support 0.0 with this model. Only the default (1) value is supported."", 'type': 'invalid_request_error', 'param': 'temperature', 'code': 'unsupported_value'}}",1,5,1
"En todas partes, entre las casas de la ciudad de México, los caminos adjuntos se rompieron en las partes más hundidas, donde el suelo no está tan elevado, y se inundaron.","Auh ynic nohuian auh ynic caltzallan yn altepeyotl Mexico, ytloc ynahuac yn otlih cocoton yn tlani yn campa tlatlacomoliuhtica yn amo huecapanixtoc tlalpantli, çan tel yeuatl yn apachiuh.","In mochintin, ipan in altepetl Mexico tlacaxoxouhcatl, in ohtli tlatzintlan oquixtique in tlahuizcalli tlen huehcauh, in tlen amo chicahuac, huan oquimotlacatque.","Nohuian caltzalan in Mexico, in ohtin mohtzayanque in canin huehcatlan, in canin amo tlacpac mani in tlalli, auh apachiuhque.","ERROR_OPENAI: Error code: 400 - {'error': {'message': ""Unsupported value: 'temperature' does not support 0.0 with this model. Only the default (1) value is supported."", 'type': 'invalid_request_error', 'param': 'temperature', 'code': 'unsupported_value'}}",1,5,1
También se vende. Es muy caliente.,In no monamaka. In yek totonik.,Quimocualli. Tlahuel tlatzotzonqui.,Noihuan namacalo. Cenca totonqui.,"ERROR_OPENAI: Error code: 400 - {'error': {'message': ""Unsupported value: 'temperature' does not support 0.0 with this model. Only the default (1) value is supported."", 'type': 'invalid_request_error', 'param': 'temperature', 'code': 'unsupported_value'}}",1,5,1
 En casa sus discípulos volvieron a preguntarle acerca de esto,"Ijcuac oyajquej ne calijtic, on inomachtijcahuan ocsejpa quitlajtlanilijquej para ma quinmelajcaijlij on tlen oquimijlijcaj on fariseos. ",In oncan onomachtijcahuan oquimotlatlajtoltiajquej ica in tlajtojli.	<end_of_turn>,In callitic occeppa quihtlanihqueh in imomachtihcahuan inin itechcopa.,"ERROR_OPENAI: Error code: 400 - {'error': {'message': ""Unsupported value: 'temperature' does not support 0.0 with this model. Only the default (1) value is supported."", 'type': 'invalid_request_error', 'param': 'temperature', 'code': 'unsupported_value'}}",3,5,1
" Pero levántate y ponte sobre tus pies, porque te he aparecido para esto: para constituirte en ministro y testigo de las cosas que has visto de mí y de aquellas en que apareceré a ti","Aman xmotelquetz, pampa nejhua yonimitztlapejpenij para tejhua tinechtequipanos niman para tejhua ticteixpantilis on tlajtlamach on tlen noca yotiquitac niman on tlen noca tiquitas. ","Pero xqueman ma ca tiquixtiz in tlacatl, pampa nechtlacatiliztli niman nechtlacatiliztli quimotlatlauhtia in tlaneltocatiliztli yejhuan ticmati ipan on tlen ticneltocat in tlacatl niman on tlen ticneltocat in tlaneltocat. Nechtlacatiliztli niman nechtlacatiliztli quimotlatlauhtia in tlaneltocatilizt","Auh ximoquetza, ihuan ximotlacaxitquetza; yehica inic onimitzonnotlachielti, inic nimitzchihuaz tinotequipanoizcauh ihuan tinonelticaitlacauh in tlein onotechpa tiquittac, ihuan in tlein oc achi nimitzonnotlachieltiz.","ERROR_OPENAI: Error code: 400 - {'error': {'message': ""Unsupported value: 'temperature' does not support 0.0 with this model. Only the default (1) value is supported."", 'type': 'invalid_request_error', 'param': 'temperature', 'code': 'unsupported_value'}}",1,5,1
" Yo sabía que siempre me oyes; pero lo dije por causa de la gente que está alrededor, para que crean que tú me has enviado","Nejhua nicmatzticaj ica nochipa tinechcaqui, pero aman ijquin niquijtohua impampa in tlacamej yejhuan nican nemij, para ma quineltocacan ica tejhua otinechajtitlan. ",Nocnihueyixticatca tlen timochihuas; ye nictlauhtia in tlacameh ye quinmoyolchicahua. Nejhua nictlauhtia in tlacameh ye quinmoyolchicahua. In tlacameh ye quinmoyolchicahua. In tlacameh ye quinmoyolchicahua. In tlacameh ye quinmoyolchicahua. In tlacameh ye quinmoyolchicahua.,"Auh nehuatl onicmatiya ca mochipa tinechcaqui; tel yece inic onicquihto, yehhuatl in impampa in tlacah in nican cate, inic quineltocazque ca tehhuatl otinechtitlan.","ERROR_OPENAI: Error code: 400 - {'error': {'message': ""Unsupported value: 'temperature' does not support 0.0 with this model. Only the default (1) value is supported."", 'type': 'invalid_request_error', 'param': 'temperature', 'code': 'unsupported_value'}}",1,5,1
"dolor de artritis, artralgia",kaseuistle,"In tlahueliliztli in ohtli, in ohtlaliztli.  
In ohtli, in ohtlaliztli.  
In ohtli, in ohtlaliztli.  
In ohtli, in ohtlaliztli.  
In ohtli, in ohtlaliztli.  
In ohtli, in ohtlaliztli.  
In ohtli, in ohtlaliztli.  
In ohtli, in ohtlaliztli.",Salihuanyantonehuiztli,"ERROR_OPENAI: Error code: 400 - {'error': {'message': ""Unsupported value: 'temperature' does not support 0.0 with this model. Only the default (1) value is supported."", 'type': 'invalid_request_error', 'param': 'temperature', 'code': 'unsupported_value'}}",1,5,1
Luego se enseñoreó Totoquihuatzin en Tlacopan; él fundó y echó las raíces del tlatocáyotl.,Quin iquac motlatocatlali Totoquiuatzi Tlacopa; qui yehuatl contzinti conelhuaioti yn tlatocayotl.,In ynic tlacatiaya yn Totoquihuatzin yn Tlacopan; ynin quichihua yn tlahtocayotl.	<end_of_turn>,"Niman motlātocātlāli in Totoquihuatzin in Tlacopan; yehhuātl quitzintih, quicnelhuayōtih in tlatohcāyōtl.","ERROR_OPENAI: Error code: 400 - {'error': {'message': ""Unsupported value: 'temperature' does not support 0.0 with this model. Only the default (1) value is supported."", 'type': 'invalid_request_error', 'param': 'temperature', 'code': 'unsupported_value'}}",2,5,1
"a tomar por la calzada a México, directamente, ya viene alegrándose, ya siente en su corazón que saldrá con bien, que lo llevará bien. Viene con mucho cuidado de lo, que trae en su regazo, no sea que algo se le vaya de las manos. Viene gozándose con el suave olor de las distintas hermosas flores.","cac in cuepohtli Mexicco huallamelauha, ye pactihuitz, ye iuh yetihuitz in iyolloh ca yecquizaquiuh, quiyequitquiz. Huel quimocuitlahuitihuitz in tlein in icuëxanco, yetihuitz in manen itla quimacauh. Quimotlamachtitihuitz in iahuiayacca in nepapan tlazohxochitl.","Xmotlaliliztli in Mexico, tlatzintlan, ye hueli quinmocuepaz, ye hueli quimati in iyollo, ca yehuatl quimotlapacholiz. Xmotlaliliztli in tlacaxoxouhqui in tlen quipia in imomachtiliztli, amo xqueman quixtlahua in tlen quipia. Xmotlaliliztli in icuac inic quimotlapacholiz in cecen xochit","Ohtli ic huallamelahua in Tenochtitlan, ye hualpaquicatihuitz, ye quitlamachia in iyollo ca cualli quiquiztiz, ca cualli quihuicaz. Cenca quimocuitlahuitihuitz in tlein ixillan quihuicatihuitz, inic amo itla imah cacaxaniz. Nepapan quetzalxochiahhuiacayotl ic hualmotlamachtitihuitz.","ERROR_OPENAI: Error code: 400 - {'error': {'message': ""Unsupported value: 'temperature' does not support 0.0 with this model. Only the default (1) value is supported."", 'type': 'invalid_request_error', 'param': 'temperature', 'code': 'unsupported_value'}}",1,5,1
hierro,tepostle,"In teocuitlatl
<end_of_turn>",tepoztli,"ERROR_OPENAI: Error code: 400 - {'error': {'message': ""Unsupported value: 'temperature' does not support 0.0 with this model. Only the default (1) value is supported."", 'type': 'invalid_request_error', 'param': 'temperature', 'code': 'unsupported_value'}}",2,5,1
" Dios no es Dios de muertos, sino de vivos.Vosotros erráis mucho","Dios oquijtoj ijquin saquin ijcuac yomiquej yejhuamej on tlacamej, pero Dios xejhua inDios on mimiquej.Yejhua inDios on yoltoquej.Nemejhuamej yejhua in ica nenquipolohuaj sanoyej. ","Tlen Dios xqueman quipia in miquiztli, ye quipia in yolqueh. Tlahuel tlatlauhtia. Nejhua xtlajtlacolmaca. In tlacamej xquencaj nemejhuamej yejhuan xquencaj nemejhuamej. In yejhuan xquencaj nemejhuamej xquencaj nemejhuamej. In yejhuan xquencaj nemejhuamej xquencaj nemej","Ahmo Dios inteouh in mimicque, ca zan inteouh in yolque. Cenca anmopolohua.","ERROR_OPENAI: Error code: 400 - {'error': {'message': ""Unsupported value: 'temperature' does not support 0.0 with this model. Only the default (1) value is supported."", 'type': 'invalid_request_error', 'param': 'temperature', 'code': 'unsupported_value'}}",1,5,1
estaban,istoyaj,"Xmotlachixtique
<end_of_turn>",catcah,"ERROR_OPENAI: Error code: 400 - {'error': {'message': ""Unsupported value: 'temperature' does not support 0.0 with this model. Only the default (1) value is supported."", 'type': 'invalid_request_error', 'param': 'temperature', 'code': 'unsupported_value'}}",1,5,1
" Pero ahora Dios ha colocado a los miembros en el cuerpo, a cada uno de ellos, como él quiso",Pero Dios oquitlalij cada parte ipan totlalnacayo quen yejhua oquinec. ,Pero nican axcan ye quimotlalijquej on tlacamej yejhuan oquichiu itechcopa on tlacamej yejhuan oquintlapojpolhuijquej ipan in tlacamej yejhuan oquinemilijquej on tlacamej yejhuan oquichiu itechcopa on tlacamej yejhuan oquintlapojpolhuijquej ipan in tlacamej yejhuan oquinemilijquej. Nejhua in yejhuan o,"Auh in axcan Dios oquintlali in nepapan tlamantli in itlan in tonacayo, in cecenme, in yuh oquimonequilti.","ERROR_OPENAI: Error code: 400 - {'error': {'message': ""Unsupported value: 'temperature' does not support 0.0 with this model. Only the default (1) value is supported."", 'type': 'invalid_request_error', 'param': 'temperature', 'code': 'unsupported_value'}}",1,5,1
"En la ciudad de México a veynte y un días del mes de marzo de mil quinientos y noventa y dos años, agora son seis vezes que se pregona sobre la casa de Mariana que se a dicho y nonbrado el precio y valor de cient pesos y después de avelo dado a entender no ubo quien hablase. Testigos: Francisco Peres y el pregonero.",Yn ipan ciudad Mexico a veynte y uno dias del mes de marzo de mil e quinientos noventa y dos años axcan ychiquaceppa ynic tzatzihua calli yn ical Mariana omito omoteneuh yn izqui ypatiuh ytenyo macuilpohualli pesos auh yn iquac otecaquitilloc ayac tlananquilli testigo fray Antonio Perez yhuan tecpoyotl.,"In Mexico city nican ypan macuilli metztli mani março de milla cincuenta y dos años, axcan ypan chicueypa omoteneuh in tlatzontequiliztli in itechpohualmocuitlahualli in Mariana in tlahtolli in tlanahuatillotzin in cempoalli tomin in achto oquimomachiltia amo quinmacaz in tlahtoltzin. Testigos: Francisco Peres yhuan in tlahtolteca. In testigos ome.","Nican ipan altepetl Mexico, ic cempohualli once tonalme metztli marzo, ipan xihuitl de mil quinientos y noventa y dos años, in axcan ye chicuacempa in motepoyohuia itechpa in icallo Mariana in omoteneuh in ipatiuh cien pesos; auh in yuh ocaquiltiloc, ayac otlahtoh. Testigomeh: Francisco Peres ihuan in tecpoyotl.","ERROR_OPENAI: Error code: 400 - {'error': {'message': ""Unsupported value: 'temperature' does not support 0.0 with this model. Only the default (1) value is supported."", 'type': 'invalid_request_error', 'param': 'temperature', 'code': 'unsupported_value'}}",2,5,1
perrito,chichigonetl,"Cuetlaxtli
<end_of_turn>",Chichitzin,"ERROR_OPENAI: Error code: 400 - {'error': {'message': ""Unsupported value: 'temperature' does not support 0.0 with this model. Only the default (1) value is supported."", 'type': 'invalid_request_error', 'param': 'temperature', 'code': 'unsupported_value'}}",1,5,1
"En el Sur, en Chiapas, hay muchos cafetales.","Ca tlatzintla, in Chiapas, onca miac cafencuameh.","In Tlalpan, Chiapas, mochiuh miac xochitlalpan.","Huitztlampa, Chiapan, miec cafemilli.","ERROR_OPENAI: Error code: 400 - {'error': {'message': ""Unsupported value: 'temperature' does not support 0.0 with this model. Only the default (1) value is supported."", 'type': 'invalid_request_error', 'param': 'temperature', 'code': 'unsupported_value'}}",2,5,1
" Él antecede a todas las cosas, y en él todas las cosas subsisten","Cristo ye nemiya ijcuac xe oncatcaj nochi tlajtlamach, niman yejhua ipampa tla nochi tlajtlamach cuajli oncaj. ","In yejhua in quencahuas nochi tlen oncaj, niman nochi tlen oncaj quencahuas. In yejhua in quencahuas nochi tlen oncaj, niman nochi tlen oncaj quencahuas. In yejhua in quencahuas nochi tlen oncaj, niman nochi tlen oncaj quencahuas. In yejhua in quencahuas nochi tlen oncaj, niman nochi tlen oncaj quen","Yehhuatl achtopa ca in ixquich, ihuan itech yehhuatl mochi mani.","ERROR_OPENAI: Error code: 400 - {'error': {'message': ""Unsupported value: 'temperature' does not support 0.0 with this model. Only the default (1) value is supported."", 'type': 'invalid_request_error', 'param': 'temperature', 'code': 'unsupported_value'}}",1,5,1
CUAJILOTE,KUOUJXILOT,"Cuajilotl
</s>",Cuaxilotl,"ERROR_OPENAI: Error code: 400 - {'error': {'message': ""Unsupported value: 'temperature' does not support 0.0 with this model. Only the default (1) value is supported."", 'type': 'invalid_request_error', 'param': 'temperature', 'code': 'unsupported_value'}}",4,5,1
 Entonces Pablo se puso de pie en medio del Areópago y dijo: --Hombres de Atenas: Observo que sois de lo más religiosos en todas las cosas,"Quemaj Pablo ohuajnotelquetz intlajcotian ne ipan on Areópago, niman oquijtoj: ―Tlacamej yejhuan nenchantij nican Atenas, nejhua niquita ica nemejhuamej sanoyej nentlaneltocaj. ","Pablo oquimotlalij ipan on Areopago, niman oquijtoj: ―Nemejhuamej yejhuan itechcopa Atenas, nemejhuamej yejhuan nenquitlahuelitajquej ica nochi tlen tlajtlacolhuan. Nejhua nemechtlajtlanilia ica nemejhuamej nenquitlahuelitajquej ica nochi tlen tlajtlacolhuan. In tlajtlacolhuan yejhuan nemej","Niman Pablo moquetz in tlahco Areopago, auh quito: Atenas tlacahé, niquitta ca in ipan ixquich tlamantli cenca antlacateomatinimeh.","ERROR_OPENAI: Error code: 400 - {'error': {'message': ""Unsupported value: 'temperature' does not support 0.0 with this model. Only the default (1) value is supported."", 'type': 'invalid_request_error', 'param': 'temperature', 'code': 'unsupported_value'}}",2,5,1
Se da en las milpas.,Mochiua milaj.,In mochiua ipan milpa.,Mochihua in milpan.,"ERROR_OPENAI: Error code: 400 - {'error': {'message': ""Unsupported value: 'temperature' does not support 0.0 with this model. Only the default (1) value is supported."", 'type': 'invalid_request_error', 'param': 'temperature', 'code': 'unsupported_value'}}",4,5,1
"Itzcóatl liberó a los mexicanos de los tepanecas y conquistó Azcapotzalco y varias ciudades como Coyoacán, Teocalhuayocan, Tacuba, Cuacuauhcan, Mixcoac, Tacubaya, Cuajimalpa, Cuautitlán, Acolhuacan, Mizquic, Tláhuac, Xochimilco, Chalco, Tlatelolco (y su rey Cuauhtlahtoa), Cuernavaca, Zacualpan, Iztepec, Jiutepec, Iguala y Tepecuacuilco.","Itzcóatl oquimmaquixti mexicah inhuicpa tecpanecah ihuan oquimpopolo nepapan altepeme yuhquin Coyohuacan, Teocalhuayocan, Tlacopan, Cuacuauhcan, Mixcoac, Atlacuihuayan, Cuauhximalpan, Cuauhtitlan, Acolhuacan, Mizquic, Cuitlahuac, Xochimilco, Chalco, Tlatelolco (ihuan itlahtocauh in itoca Cuauhtlahtoa), Cuauhnauac, Tzacualpan, Itztepec, Xiuhtepec, Yohuallan ihuan Tepecuacuilco.","In Itzcoatl oquitzitzquia in mexica ihuan oquintlacahua in Azcapotzalco ihuan occequintin altepetl in Coyoacan, Teocalhuayocan, Tacuba, Cuacuauhcan, Mixcoac, Tacubaya, Cuajimalpa, Cuautitlan, Acolhuacan, Mizquic, Tlahuac, Xochimilco, Chalco, Tlatelolco (ihuan in itlahtoani Quauhtlahtoa), Cuernav","In Itzcoatl quiquixti in Mexica in imacpa in Tepaneca, auh quimpeuh in altepetl Azcapotzalco ihuan miyec altepetl in iuhqui Coyoacan, Teocalhuayocan, Tlacopan, Cuacuauhcan, Mixcoac, Atlacuihuayan, Cuauhximalpan, Cuauhtitlan, Acolhuacan, Mizquic, Cuitlahuac, Xochimilco, Chalco, Tlatelolco (ihuan in itlatocauh Cuauhtlahtoa), Cuauhnahuac, Tzacualpan, Itztepec, Xiuhtepec, Yoallan ihuan Tepecuacuilco.","ERROR_OPENAI: Error code: 400 - {'error': {'message': ""Unsupported value: 'temperature' does not support 0.0 with this model. Only the default (1) value is supported."", 'type': 'invalid_request_error', 'param': 'temperature', 'code': 'unsupported_value'}}",2,5,1
esas.,inomeh.,"Xik.  
### Nota
### Xik.  
### Xik.  
### Xik.  
### Xik.  
### Xik.  
### Xik.  
### Xik.  
### Xik.  
### Xik.  
### Xik.  
### Xik.  
### Xik.  
### Xik.  
### Xik.  
### Xik.  
### Xik.  
### Xik.  
### Xik.  
### Xik.  
### Xik.  
### Xik.  
### Xik.  
### Xik.  
### Xik.",inōn,"ERROR_OPENAI: Error code: 400 - {'error': {'message': ""Unsupported value: 'temperature' does not support 0.0 with this model. Only the default (1) value is supported."", 'type': 'invalid_request_error', 'param': 'temperature', 'code': 'unsupported_value'}}",1,2,1
" Os rogamos, hermanos, que reconozcáis a los que entre vosotros trabajan, que os presiden en el Señor y que os dan instrucción","Nocnihuan, sanoyej temechtlajtlaniliaj xquimpialican tetlacaitalistli on yejhuan tequitij nemotzajlan, yejhuan mechyecanaj niman mechmelajcatlaliaj, pampa yejhuamej quipiaj tlanahuatijli itech toTeco. ","Xtequitiltin, tej, xquintlahuelitijcahuan on yejhuan nemechtlajtlanilijquej ican itech toTeco niman quichihuaquej on tlen nenquimachiltiaj.	<end_of_turn>","Tamechtlatlauhtiah, notlaçohicnihuané, inic xiquimixmatican in aquique amotechi tlatequipanoah, ihuan in amechyacanah itech Totecuiyo, ihuan in amechononotzah.","ERROR_OPENAI: Error code: 400 - {'error': {'message': ""Unsupported value: 'temperature' does not support 0.0 with this model. Only the default (1) value is supported."", 'type': 'invalid_request_error', 'param': 'temperature', 'code': 'unsupported_value'}}",2,5,1
"alto,a",uejkapan,"### Traducción
### Cauhtli
### Significado
### In Cauhtli
### Acepta, recibe
### Tlachihualiztli
### Altura
### Tlahueliliztli
### Grandeza
### Tlahueliliztli
### Grandez
### Tlahueliliztli
### Altura
### Tlahuelil",Huehcapani,"ERROR_OPENAI: Error code: 400 - {'error': {'message': ""Unsupported value: 'temperature' does not support 0.0 with this model. Only the default (1) value is supported."", 'type': 'invalid_request_error', 'param': 'temperature', 'code': 'unsupported_value'}}",1,5,1
"Hay una sola clase, se da en los cafetales o en donde lo siembra uno, pero este árbol no siempre es sembrado, nace solo.","Ipa se taman saj. In onkak kajfentaj oso kampa se kitoka, pero in amo nochipa tatok, ixua saj.","In yehuatl inin tlahtolli, mochihuaz ipan in cafepalcohuan oquichihuaz ipan in tlen quichihua, zan inin cuahuitl amo mochiuh, zan motlaloa.","Zan cē tlamantli, in cafemillan ahnozo cānin mōtōca mōchīhua; tēl inin cuahuitl ahmo mochipa mōtōca, zan monōmatachīhua.","ERROR_OPENAI: Error code: 400 - {'error': {'message': ""Unsupported value: 'temperature' does not support 0.0 with this model. Only the default (1) value is supported."", 'type': 'invalid_request_error', 'param': 'temperature', 'code': 'unsupported_value'}}",2,4,1
"La raíz la emplean las parteras: cuando la señora siente los dolores del parto, la hierven y se la dan a tomar.","Inaluayo no kikuij in parteras, cuando peua olini in siuat ki man i I iaj para tayis.","In itetl quichihua in tetequihqueh: inin in tlacatl quimotlatlauhtia in icualtiliztli, quihuitztih uan quimachiliah.","In nelhuatl quicui in tlamatque: ihcuac in cihuatl quimati in temitiliztli, quipozonaltiah huan quimacah in quihiz.","ERROR_OPENAI: Error code: 400 - {'error': {'message': ""Unsupported value: 'temperature' does not support 0.0 with this model. Only the default (1) value is supported."", 'type': 'invalid_request_error', 'param': 'temperature', 'code': 'unsupported_value'}}",1,5,1
 Y otra parte cayó entre los espinos.Los espinos crecieron y la ahogaron,Ocsequi xinachtli oxinito intzajlan on huitzcojtin.On huitzcojtin saniman onoscaltijquej niman oquixomictiquej imilyo on trigo. ,"In occequintin oncah ipan in espina, niman in espina omozcalti ihuan oquicuah in tlacatl. Nejhua in espina oquimotlalijquej ipan in tlacatl. In espina oquimotlalijquej ipan in tlacatl. In espina oquimotlalijquej ipan in tlacatl. In espina oquimotlalijquej ipan in tlacatl. In espina oquimotlalijquej","Auh in oc cequi huitztlan huetz; auh in huitztli mochiuhque, auh quiquechpacho.","ERROR_OPENAI: Error code: 400 - {'error': {'message': ""Unsupported value: 'temperature' does not support 0.0 with this model. Only the default (1) value is supported."", 'type': 'invalid_request_error', 'param': 'temperature', 'code': 'unsupported_value'}}",1,5,1
"Fueron desbaratados y vencidos los naturales; muchos de ellos murieron, otros fueron capturados, y otros más fueron hechos esclavos.","Ynic quinmomoyauhque quincecenmanque yn macehualtin; auh amo çan quexquich ynic miec yn micque, yhuan cequintin ylpilloque, auh yn ocnocequintin miyec yn tlacochihualloque.","In ye quimocuepque in yn tlacameh, occequintin omomiquilique, occequintin omoteneuhque, occequintin omotlachihuah. Ne campa oncan oquimocuepque in ye tlacameh, oquimoteneuhque, oquimotlachihuah. In ye tlacameh oquimocuepque, oquimoteneuhque, oquimotlachihuah. In ye tlacameh oquimocuep","Opehualloque ihuan opopoliuhque in macehualtin; miquintin micque, cequintin maltique, ihuan oc cequintin tlacotin mochihuque.","ERROR_OPENAI: Error code: 400 - {'error': {'message': ""Unsupported value: 'temperature' does not support 0.0 with this model. Only the default (1) value is supported."", 'type': 'invalid_request_error', 'param': 'temperature', 'code': 'unsupported_value'}}",1,5,1
2	dientes de ajo,Ome axoxtlantli,"Auhcocholli
<end_of_turn>",Ome axoxtlantli,"ERROR_OPENAI: Error code: 400 - {'error': {'message': ""Unsupported value: 'temperature' does not support 0.0 with this model. Only the default (1) value is supported."", 'type': 'invalid_request_error', 'param': 'temperature', 'code': 'unsupported_value'}}",1,5,1
" Os expulsarán de las sinagogas, y aun viene la hora cuando cualquiera que os mate pensará que rinde servicio a Dios",Mechajquixtisquej ne ipan on tiopantin.Niman ajsis on tonajli ijcuac san aquinon mechmictis quinemilis ica quitequipanohua Dios. ,Xmotlalilisquej on tlanahuatijli yejhuan xquen itech on tlanahuatijli yejhuan quichihua ica on tlacamej yejhuan nimitztlajtlacohuaj on tlen quichihuaj ipan on tlanahuatijli yejhuan quichihua ica on tlacamej yejhuan nimitztlajtlacohuaj on tlen quichihuaj ipan on tlanahuatijli yejhuan quichihua ica on tlacame,"Anmechtotocazque in ītechpa sinagogas; īhuān huālhuiz in cāhuitl, in ihcuāc in aquin anmēchtlātihuīz, quimomattiz ca quitlayēcultia in Dios.","ERROR_OPENAI: Error code: 400 - {'error': {'message': ""Unsupported value: 'temperature' does not support 0.0 with this model. Only the default (1) value is supported."", 'type': 'invalid_request_error', 'param': 'temperature', 'code': 'unsupported_value'}}",1,5,1
 y fue proclamado por Dios sumo sacerdote según el orden de Melquisedec,"Niman Dios, tej, oquitlalij Cristo para on más hueyi tiopixqui sa no ijqui quen Melquisedec. ",Ica on yejhuan itechcopa Dios oquichijchiuaya se teopixqui ica itlajtlacolhuan itoca Melquisedec.  On yejhuan itechcopa Dios oquichijchiuaya se teopixqui ica itlajtlacolhuan itoca Melquisedec.  On yejhuan itechcopa Dios oquichijchiuaya se teopixqui ica itlajtlacolhuan itoca Melquisedec.  On yejhuan itechcopa Dios,"Auh in Dios oquinotz inic huey teopixqui, in iuhqui Melquisedec itlamaniliz.","ERROR_OPENAI: Error code: 400 - {'error': {'message': ""Unsupported value: 'temperature' does not support 0.0 with this model. Only the default (1) value is supported."", 'type': 'invalid_request_error', 'param': 'temperature', 'code': 'unsupported_value'}}",1,5,1
dolor de nariz,yegakogoa,"Xoxolcocoliztli
### Explicación
### Xoxolcocoliztli
### Xoxolcocoliztli
### Xoxolcocoliztli
### Xoxolcocoliztli
### Xoxolcocoliztli
### Xoxolcocoliztli
### Xoxolcocoliztli
### Xoxolcocoliztli
### Xoxolcocoliztli
### Xoxolcocoliztli
### Xoxolcocoliztli
### Xoxol",Yacatonehuiztli,"ERROR_OPENAI: Error code: 400 - {'error': {'message': ""Unsupported value: 'temperature' does not support 0.0 with this model. Only the default (1) value is supported."", 'type': 'invalid_request_error', 'param': 'temperature', 'code': 'unsupported_value'}}",1,5,1
cambia (de dientes),motlancochpatla,"Ximomachiyazqueh
### Explicación
### Ximomachiyazqueh
### Ximomachiyazqueh
### Ximomachiyazqueh
### Ximomachiyazqueh
### Ximomachiyazqueh
### Ximomachiyazqueh
### Ximomachiyazqueh
### Ximomachiyazqueh
### Ximomachiyazqueh
### Ximomachiyazqueh
### Ximomachiyazqueh
### Ximom",Tlanpapatla,"ERROR_OPENAI: Error code: 400 - {'error': {'message': ""Unsupported value: 'temperature' does not support 0.0 with this model. Only the default (1) value is supported."", 'type': 'invalid_request_error', 'param': 'temperature', 'code': 'unsupported_value'}}",1,5,1
viejito,"ueuentsin, ueuetsin, ueue","Tlacuatzintli
<end_of_turn>",Huehuetzin,"ERROR_OPENAI: Error code: 400 - {'error': {'message': ""Unsupported value: 'temperature' does not support 0.0 with this model. Only the default (1) value is supported."", 'type': 'invalid_request_error', 'param': 'temperature', 'code': 'unsupported_value'}}",1,5,1
" Cuando entró en casa, aparte de la multitud, sus discípulos le preguntaron acerca de la parábola","Quemaj ijcuac Jesús oquincajteu on tlacamej niman ocalaquito ipan techan, inomachtijcahuan oquitlajtoltijquej para ma quimijli tlinon quijtosnequi on ejemplo. ","Ipan inin tlamanaliztli, oquimotlachixquej on yejhuan oquineltocajquej ipan in tlacatl, niman oquijlijquej itechcopa in tlacamej quen oquintlatlajtoltijquej itechcopa in tlajtlamach.  <end_of_turn>","Auh in ihcuac ocalac callitic, in oquintlalcahui in macehualtin, quitlatlanique in imachtilohuan in itechpa in machiyotlatolli.","ERROR_OPENAI: Error code: 400 - {'error': {'message': ""Unsupported value: 'temperature' does not support 0.0 with this model. Only the default (1) value is supported."", 'type': 'invalid_request_error', 'param': 'temperature', 'code': 'unsupported_value'}}",2,5,1
"Eran los nombrados Mimixcohuas: el primero se llamaba Xiúhnel; el segundo, Mímich; y la tercera era su hermana mayor.","Ca yehuantin yn quintocayotia Mimixcohua: yn ce ytoca Xiuhnel, yn icome ytoca Mimich, yn iquey cihuatl ynhueltiuh.",Mimixcohuah oquimoteneuhque: in achto Xiuhnel; in ome Mímitch; in yancuic inic inic.	<end_of_turn>,"Yehhuantin in motocayotiayah Mimixcohuah: inic ce itoca Xiuhnel; inic ome, Mimich; ihuan inic eyi inhueltiuh.","ERROR_OPENAI: Error code: 400 - {'error': {'message': ""Unsupported value: 'temperature' does not support 0.0 with this model. Only the default (1) value is supported."", 'type': 'invalid_request_error', 'param': 'temperature', 'code': 'unsupported_value'}}",2,5,1
Nace de sus semillas.,Ixua iteyo.,In tlachihualiztli quixochiuh.,Iachhuan itechpa tlacati.,"ERROR_OPENAI: Error code: 400 - {'error': {'message': ""Unsupported value: 'temperature' does not support 0.0 with this model. Only the default (1) value is supported."", 'type': 'invalid_request_error', 'param': 'temperature', 'code': 'unsupported_value'}}",1,3,1
"Así pues, fue Tohueyo, el principal de Huitznáhuac, a recibir el mensaje.",Ynic ça ye no ye yc yauh Uiznauac tiachcauh Toueyo yn quicuiz yn tlatolli.,"In iuh in Tohueyo, in hueyi in Huitznahuac, quinotz in tlatolli.	<end_of_turn>","Auh niman oyah in Tohueyo, in Huitznahuacatl, quiccelito in tlatolli.","ERROR_OPENAI: Error code: 400 - {'error': {'message': ""Unsupported value: 'temperature' does not support 0.0 with this model. Only the default (1) value is supported."", 'type': 'invalid_request_error', 'param': 'temperature', 'code': 'unsupported_value'}}",3,5,1
" Y el mar entregó los muertos que estaban en él, y la Muerte y el Hades entregaron los muertos que estaban en ellos; y fueron juzgados, cada uno según sus obras","On mimiquej yejhuan nemiyaj ijtic on mar oquisquej, niman on miquilistli oquintemacac on mimiquej niman ipan intlalcon oquisquej.Nochi on mimiquej niman cada sesentemej oquinyolcuitijquej niman oquintlaxtlahuilijquej quen quitocarohua on tlen oquichijquej. ","In tlalticpactli oquimotlatlauhtia in miquizqueh ye quen ompa tlachihuah, niman in Miquiztli niman in Mictlan oquimotlatlauhtia in miquizqueh ye quen ompa tlachihuah; niman omochiuhquej, nochi in itechcopa in tlen oquichiu.",Auh in hueyatl quintemacac in micque in itech catca; auh in Miquiztli ihuan in Mictlan quintemacaque in micque in intech catca; auh cecenme tlatzontequililoque in iuh ca intlachihual.,"ERROR_OPENAI: Error code: 400 - {'error': {'message': ""Unsupported value: 'temperature' does not support 0.0 with this model. Only the default (1) value is supported."", 'type': 'invalid_request_error', 'param': 'temperature', 'code': 'unsupported_value'}}",2,5,1
En la ciudad de Mexico Santiago Tlatilulco treze dias del mes de julio de mill e quinientos y noventa y dos años pareció presente ante don Gaspar de Mendoza juez governador Maria Gerónima vezina de Sancta Ana Huitzilan y presento el mandamiento de esta otra parte contenido y pidio el cumplimiento de el y que le meta en posesion de las casas en el declaradas segun y como su señoria de el señor visorey lo manda (en cumplimiento de lo qual el dicho juez governador).,Yn ipan in ciudad Mexico Sanctiago Tlatelulco yc matlactli umey mani metztli de julio de mil y quinientos y noventa y dos años yxpantzinco onez yn juez gobernador don Gaspar de Mendoza yn itoca Maria Geronima chane Sancta Ana Uitzilla nican mandamiento tlateneuhtli auh oquimitlanilili ma quimomaquili yn posesion yn quenin motlanaoatilia totlatocauh visorrey.,In Mexico Sanctiago Tlatilulco xihuitl metztli mani julio de mill yquac cincempoalli xihuitl ypan matlactli xihuitl yn omoteneuh ypan matlactli xihuitl yn ipan matlactli xihuitl ypan matlactli xihuitl ypan matlactli xihuitl ypan matlactli xihuitl ypan matlactli xihuitl ypan matlactli xihuitl ypan matlactli xih,"Ipan altepetl Mexico Santiago Tlatilulco, axcan matlactli onyei ilhuitl metztli julio de mil y quinientos y noventa y dos años, ixpantzinco moxonhuilti in don Gaspar de Mendoza juez gobernador, in Maria Gerónima, ompa chane Sancta Ana Huitzilan, huan quitemactilli in nahuatilli in nican tlacpac icuiliuhtoc, huan quitlahtlan inic moneltiliz huan inic macoz in axcatiliztli in calli in ompa teneuhtoc in yuhqui quimonahuatilia in tlacatl visorrey, inic quimoneltililiz in omoteneuh juez gobernador.","ERROR_OPENAI: Error code: 400 - {'error': {'message': ""Unsupported value: 'temperature' does not support 0.0 with this model. Only the default (1) value is supported."", 'type': 'invalid_request_error', 'param': 'temperature', 'code': 'unsupported_value'}}",1,5,1
te harás,timochiuas,"Xinechmaca.  
<end_of_turn>",Timochīhuaz,"ERROR_OPENAI: Error code: 400 - {'error': {'message': ""Unsupported value: 'temperature' does not support 0.0 with this model. Only the default (1) value is supported."", 'type': 'invalid_request_error', 'param': 'temperature', 'code': 'unsupported_value'}}",1,5,1
" Seis días después, Jesús tomó consigo a Pedro, a Jacobo y a Juan su hermano, y les hizo subir aparte a un monte alto","Chicuasen tonajli más saquin, Jesús ocuicac Pedro, niman on icniutin Jacobo niman Juan, niman inseltimej oyajquej ipan se tepetl sanoyej hueyi ","Xihuitl ome tonajli, Jesús oquimocuitlahuia Pedro, Jacobo niman Juan itechcopa, niman oquimotlalijquej ipan se tepetl tlachijchiutin.  <end_of_turn>","Auh in oyuh chicuace ilhuitl, in Jesús quinvicac in Pedro, ihuan in Jacobo, ihuan in Juan icniuuh; auh nencah quintlehhuique in ihuicpa ce huey tepetl.","ERROR_OPENAI: Error code: 400 - {'error': {'message': ""Unsupported value: 'temperature' does not support 0.0 with this model. Only the default (1) value is supported."", 'type': 'invalid_request_error', 'param': 'temperature', 'code': 'unsupported_value'}}",1,5,1
" Y el sumo sacerdote Ananías mandó a los que estaban a su lado, que le golpeasen en la boca","Quemaj Ananiás, yejhuan on más hueyi tiopixqui tlayecanqui, oquinnahuatij on yejhuan nisiu nemiyaj itech Pablo ma camahuitectiacan. ","In tlayecanquetzatzintli Ananias oquimotlatlauhtia in yejhuan oncaj ipan itechcopa, niman oquimotlapacholhuijquej on tlacatl.  <end_of_turn>",Auh in huey teopixqui Ananias quinnahuati in itlan oncaya inic quitlatlatzihuizque itencopa.,"ERROR_OPENAI: Error code: 400 - {'error': {'message': ""Unsupported value: 'temperature' does not support 0.0 with this model. Only the default (1) value is supported."", 'type': 'invalid_request_error', 'param': 'temperature', 'code': 'unsupported_value'}}",2,5,1
"Lo iba poniendo delante del Tlacatecatl, o del Tlaco, chcalcatl, o del Atempanecatl: todos ellos jefes de mando y cabezas de los caballeros águilas, o bien a los principales; en fin de cuentas, personas de estima.",Ixpan conmanilia in ahzo tlacateccatl in ahzo tlacochcalcatl in ahzo atempanecatl in ye mochintin tlahtoque ihuan cauhyame ahnozo pipiltin: in ye ixquich tlacatl tlanotzalli.,"In ye tlatzintlan in Tlacatecatl, o in Tlaco, chcalcatl, o in Atempanecatl: nochi inin tlacameh tlahtoque in tlacameh in quauhtlapohualtin, oquen in huehueh; niman inic in tlacameh in tlamantli in tlatzacuilli.	<end_of_turn>","In tlacateccatl, anozo in tlacochcalcatl, anozo in atempanecatl, in imixpantzinco quimaniliaya: in ixquichtin teyacanque ihuan cuauhtlahtohque, anozo in pipiltin; ca huel iehhuantin in mahuiztique tlaca.","ERROR_OPENAI: Error code: 400 - {'error': {'message': ""Unsupported value: 'temperature' does not support 0.0 with this model. Only the default (1) value is supported."", 'type': 'invalid_request_error', 'param': 'temperature', 'code': 'unsupported_value'}}",1,5,1
"Pero los pañetes femorales ricos largos, con puntas largas, con labrados de pelo de coyote, o pañetes con flecos, o	de color de castaña, o bien enteramente blancos:",Yehuatl in tlazomaxtlatl yecauiyac iuan coyochcamaxtlatl azo tlapilmaxtlatl anozo cuappachmaxtlatl azo iztac maxtlatl.,In tlahtolli inin quen inin tlatzontequiliztli inin tlatzontequiliztli inin tlatzontequiliztli inin tlatzontequiliztli inin tlatzontequiliztli inin tlatzontequiliztli inin tlatzontequiliztli inin tlatzontequiliztli inin tlatzontequiliztli inin tlatzontequiliztli inin tlatzontequil,"Auh in mahuiztic maxtlatl, in huehueyac, in huehueyac iiac, in coyotetzontlamachyo, anozo tenyo maxtlatl, anozo quappachtli, anozo zan niman chipahuac:","ERROR_OPENAI: Error code: 400 - {'error': {'message': ""Unsupported value: 'temperature' does not support 0.0 with this model. Only the default (1) value is supported."", 'type': 'invalid_request_error', 'param': 'temperature', 'code': 'unsupported_value'}}",1,5,1
Entonces la gente se vendió por el hambre.,Ye yquac no nenanamacoc mayanaliztica.,In tlahtolli oquicualtiqueh in tlacualli.,Niman ic monamacaque in macehualtin ipampa in mayanaliztli.,"ERROR_OPENAI: Error code: 400 - {'error': {'message': ""Unsupported value: 'temperature' does not support 0.0 with this model. Only the default (1) value is supported."", 'type': 'invalid_request_error', 'param': 'temperature', 'code': 'unsupported_value'}}",1,5,1
También entonces los mexicas derrotaron a los de Cuauhtépec.,Auh no yquac quinpeuhque Quauhtepec tlaca.,Yhuan in yehuatl in mexica quinmictique yn oncan tlacameh yn Cuauhtepetl.\<end_of_turn>,Noihuan in iquac in mexica quimpehuiqueh in cuauhtepeca.,"ERROR_OPENAI: Error code: 400 - {'error': {'message': ""Unsupported value: 'temperature' does not support 0.0 with this model. Only the default (1) value is supported."", 'type': 'invalid_request_error', 'param': 'temperature', 'code': 'unsupported_value'}}",2,5,1
"Y agregaron: “Colhuas, destruyámoslos como se acordó”.","Auh ynhi: “Coluaquehé, ça tiquinpopoloua y ye yuhqui yn onenonotzaloc”.","Yhuan oquimotlatlauhtique: “In Colhuacan, ma quinmocuepazqueh in tla yehuatl oquimotlatlauhtilique”.<end_of_turn>","Auh quihtoque: “Colhuaque, tiquinpolocan in iuh tlanonotzaloc”.","ERROR_OPENAI: Error code: 400 - {'error': {'message': ""Unsupported value: 'temperature' does not support 0.0 with this model. Only the default (1) value is supported."", 'type': 'invalid_request_error', 'param': 'temperature', 'code': 'unsupported_value'}}",1,5,1
" Ellos se burlaban de él, sabiendo que ella había muerto","Pero yejhuamej san ocuetzquilijquej, pampa quimatzticatcaj ica on ichpocaconetl yomic. ","In yejhuan quincahuajquej, quimacahuaquej ica yejhua omomiqui.	<end_of_turn>","Quiquequeloayah, in quimatiah ca ye ommicca.","ERROR_OPENAI: Error code: 400 - {'error': {'message': ""Unsupported value: 'temperature' does not support 0.0 with this model. Only the default (1) value is supported."", 'type': 'invalid_request_error', 'param': 'temperature', 'code': 'unsupported_value'}}",1,5,1
"También las trasquilaban: no más les dejaban el pelo hasta la altura del hombro; las engalanaban con su collar y su guirnalda de flores, y les daban su flor de escudo y su tabaco. En esta forma andaban bailando, andaban fumando, andaban aspirando la miel de las flores.",iuan quixxima zan quintlahtlatzontequilia iuan ix xochicozqui im im icpacxochiuh quinmonaquiaya iuan chimalxochitl iuan yetl in ipam mitohtinemi tlachichintinemi tleneoctinemi.,"No kikualtik: amo kikualtik in ixtli ipan inin ohtli; inin quimotlatlakatizqueh inin itzontli ihuan inin xochitlapal, ihuan inin in tlaxochitl ihuan in tlaolli. Inin inin quimotlatlakatizqueh, inin inin quimotlatlakatizqueh, inin inin quimotlatlakatizqueh. Inin inin quimotlatlakatiz","No quintetzonhuia, zan acolpan in quintequilia in intzon; quinchichihuaya, quincozcatia, quinxochicozcatia, auh quinmacaya in inchimallixoch, in in-iyen. Iuhquin mihtotihtinemiyâ, quichichinahtinemiyâ, quihnecuhtinemiyâ in xochineuctli.","ERROR_OPENAI: Error code: 400 - {'error': {'message': ""Unsupported value: 'temperature' does not support 0.0 with this model. Only the default (1) value is supported."", 'type': 'invalid_request_error', 'param': 'temperature', 'code': 'unsupported_value'}}",1,5,1
Mi madre después me platicó cómo yo lloraba porque quería entrar a la escuela; todavía no había muchos profesores.,Nonantzin nechmononochiliaya quename onichocaya ipampa onicnequia nicalaquiz tlamachtilcalco; ye yiman on ayemo huel miaque oyeya temachtiquez.,In notatah oquimachilti inic nictlani inic nictlachia in tlamachtiliztli; amo hueli ome tlamachtiani. <end_of_turn>,"Zā tēpan nonān nēchtlaphuīh in quēnin nichōcaya, īpampa nicnequiya nicalaquiz in tlamachtīlōyān; ayāmo miyacquintin tlamachtihquē catca.","ERROR_OPENAI: Error code: 400 - {'error': {'message': ""Unsupported value: 'temperature' does not support 0.0 with this model. Only the default (1) value is supported."", 'type': 'invalid_request_error', 'param': 'temperature', 'code': 'unsupported_value'}}",1,5,1
adorna,tlachijchiua,"Xochitlachihua
<end_of_turn>",Quichichihua,"ERROR_OPENAI: Error code: 400 - {'error': {'message': ""Unsupported value: 'temperature' does not support 0.0 with this model. Only the default (1) value is supported."", 'type': 'invalid_request_error', 'param': 'temperature', 'code': 'unsupported_value'}}",3,5,1
" Pagadle tal como ella os ha pagado, y devolvedle el doble según sus obras.En la copa que ella preparó, preparadle el doble","Ijcon quen yejhua oquinmacac ocsequimej no ijqui xmacacan.Niman on tlen yejhua oquichiu, ocpatipan sa no ijqui xmacacan.Ijcon quen chichic oquineloj se tlaonijli para ocsequimej, nemejhuamej ocpa más chichic xnelocan para yejhua. ","Xmotlalican in tlen quimotlatlali, niman xmotlalican in ome in tlen quimotlatlali. In tlen quimotlatlali in xoxouhqui, xmotlalican in ome in tlen quimotlatlali. In tlen quimotlatlali in xoxouhqui, xmotlalican in ome in tlen quimotlatlali. In tlen quimotlatlali in xoxouhqui, xmotlalican in ome in","Xictlaxtlauilican in iuh oamechtlaxtlaui, auh xiccuepilican occuepca in iuhqui imatziuh. In ipan tecomatl in tlein oquichichiuh, xicyecolican occuepca.","ERROR_OPENAI: Error code: 400 - {'error': {'message': ""Unsupported value: 'temperature' does not support 0.0 with this model. Only the default (1) value is supported."", 'type': 'invalid_request_error', 'param': 'temperature', 'code': 'unsupported_value'}}",1,5,1
"Engendraron, y tuvieron estos hijos: Acolmitzin, único hijo varón, Pillicihuatzin, Chicomoyollotzin, Quetzalxilotzintli Huacaltzintli, Tlacochcuetzin, Coatonaltzin, Mocelcihuatzin y Xocotzin.","Nima ye mopilhuatia ye tlacati Acolmiçi çan iyo oquichtli, nima ye Pilliciuaçi, Chicomoyolloçi, Quetzalxilloçintli Uacalçintli yontetoca, Tlacuchcueçi, Coatonalçi, Mocelciuaçi, Xocoçi.","Oquichihqueh, oquichihqueh inin cehcuihuan: Acolmictzin, ceceh tlacatl, Pillicihuatzin, Chicomoyollotzin, Quetzalxilotzintli, Huacaltzintli, Tlacochcuetzin, Coatonaltzin, Mocelcihuatzin, Xocotzin. <end_of_turn>","Quintlacatillique, auh inin inpilhuan: Acolmitzin, ce icel oquichpilli, Pillicihuatzin, Chicomoyollotzin, Quetzalxilotzintli Huacaltzintli, Tlacochcuetzin, Coatonaltzin, Mocelcihuatzin, ihuan Xocotzin.","ERROR_OPENAI: Error code: 400 - {'error': {'message': ""Unsupported value: 'temperature' does not support 0.0 with this model. Only the default (1) value is supported."", 'type': 'invalid_request_error', 'param': 'temperature', 'code': 'unsupported_value'}}",2,5,1
" Pero el hombre natural no acepta las cosas que son del Espíritu de Dios, porque le son locura; y no las puede comprender, porque se han de discernir espiritualmente","On yejhuan xquipia iEspíritu Dios, xquiselia on tlajtlamach yejhuan on Espíritu temachtia pampa para yejhua on xitlaj quijtosnequi.Niman xhueli cajsicamati on tlajtlamach pampa on san yejhuan quipia iEspíritu Dios hueli cajsicamati. ","Pero in tlacatl tlen ximomachiltia in Espíritu Dios, pampa in tlacatl tlen ximomachiltia in Espíritu Dios, pampa in tlacatl tlen ximomachiltia in Espíritu Dios, pampa in tlacatl tlen ximomachiltia in Espíritu Dios, pampa in tlacatl tlen ximomachiltia in Espíritu Dios, pampa in tlacatl tlen ximomachiltia in Espíritu Dios, pampa","Auh in tlalticpactlacatl amo quiceli in tlein itechpa quiza in Dios Iespiritutzin; yehica ca xolopiyotl ipan quimati; auh amo huel quimaticamati, yehica ca zan espirituyotica huel moiximachilia.","ERROR_OPENAI: Error code: 400 - {'error': {'message': ""Unsupported value: 'temperature' does not support 0.0 with this model. Only the default (1) value is supported."", 'type': 'invalid_request_error', 'param': 'temperature', 'code': 'unsupported_value'}}",1,5,1
" A la vez, Félix esperaba también que se le diera algún dinero de parte de Pablo.Por eso le hacía venir con frecuencia y hablaba con él",Félix no quinequiya niman quichixticatca para Pablo ma quimaca tomin para quimacahuas.Yejhua ica miyecpa quitlatitlaniliaya para ihuan tlajtohuaya. ,"In axcan, Felix oquimixtia quen oquintlatlalizquej tlacuajli ipan Pablo. In oquichihua ica oquimotzontequi itech Pablo. In oquichihua ica oquimotlachixtia itech Pablo. In oquichihua ica oquimotlachixtia itech Pablo. In oquichihua ica oquimotlachixtia itech Pablo. In oquichihua ica oquimotlach","Noihuan quitemachiaya Felix ca itechpa Pablo tomintli macoz; ic ipampa quexquichpa quihualnotzaya, ihuan itlan tlatlatoaya.","ERROR_OPENAI: Error code: 400 - {'error': {'message': ""Unsupported value: 'temperature' does not support 0.0 with this model. Only the default (1) value is supported."", 'type': 'invalid_request_error', 'param': 'temperature', 'code': 'unsupported_value'}}",1,5,1
"Se puso un estrado de madera a lo largo de las columnas de San José; y enfrente se colocaron todos los religiosos de los varios conventos, así como el señor virrey, los oidores y los alcaldes ordinarios de la ciudad, hallándose también presentes el comisario y el provincial.","Auh quauhtlapechtli moman in Sant Joseph temimiltitlan tlamellauhyan; tlayxpan yxquichtin mohuicatza in teopixque yn izquican moyetzticate teopixque, yhuan tlahtoque visurrey yhuan oydores yhuan ciudad tlaca alcaldes hordinarios, yxpantzinco mochiuh in conmissario yhuan provincial.","Oquichihqueh ce tlahtolli tlaxitl ipan in iteocaltin San José; niman oncan oquichihqueh nochi in teopixque in occequintin monemiliztli, niman in teopixque in visurrey, in oidores, in alcaldes ordinarios in altepetl, niman nochi oquichihqueh in comisario niman in provinciano. <end_of_turn>","Moman ce cuahpepechtli in itloc in itemimeh San José; ihuan ixpan motlalique in ixquichtin teopixque in nepapan teopancaltin, no iuhqui in tlacatl visurrey, in oydores ihuan in altepetl alcaldesme, ihuan no ompa moyetzticatca in comisario ihuan in provincial.","ERROR_OPENAI: Error code: 400 - {'error': {'message': ""Unsupported value: 'temperature' does not support 0.0 with this model. Only the default (1) value is supported."", 'type': 'invalid_request_error', 'param': 'temperature', 'code': 'unsupported_value'}}",2,4,1
"En cuanto su dios les hubo dicho esto, los chichimecas totolimpanecas se reunieron; se convocaban llamándose con estas palabras: ""¡Cocque ticque!"".","Auh yn oyuh quimilhui yn yn quimoteotiaya, auh niman ye mononotza y yehuantin yn chichimeca yn totollimpaneca; auh ca yuhqui catca yn yn intlahtol ynic monotzaya quimolhuiaya: ""Cocque ticque!"".","In ye quimotlatoltili in itechmeh, ynic otzitzicac yn chichimeca totolimpaneca, ynic otzitzicac quinotzitzicatca inin tlahtolli: “Cocque ticque”.<end_of_turn>","In oyuh quimilhui inin inteouh, niman ic mocentlalique in totolimpaneca chichimeca; ic mononotzaya, ic motzatziliaya: ""¡Cocque ticque!"".","ERROR_OPENAI: Error code: 400 - {'error': {'message': ""Unsupported value: 'temperature' does not support 0.0 with this model. Only the default (1) value is supported."", 'type': 'invalid_request_error', 'param': 'temperature', 'code': 'unsupported_value'}}",2,5,1
"1 Tochtli, 1350.","I Tochtli xihuitl, 1350.","In Tochtli xihuitl, 1350. years.","Ce Tochtli, yeitzontli on chicompohualli on mahtlactli.","ERROR_OPENAI: Error code: 400 - {'error': {'message': ""Unsupported value: 'temperature' does not support 0.0 with this model. Only the default (1) value is supported."", 'type': 'invalid_request_error', 'param': 'temperature', 'code': 'unsupported_value'}}",2,5,1
"Moquíhuix y su escudero se subieron al teocalli; el tlatohuani estaba de pie, revestido con su divisa de quetzal, sobre la casa del diablo a quien adoraban los tlatelolcas, y junto a él se hallaba su escudero; habían subido a lo más alto del teocalli para desde ahí resistir, pero en pos de ellos subieron también los mexicas tenochcas.","Auh in yehuatl Moquihuix y teocalticpac tlecoque yhuan ytepotzo; yquetzalpatzac yn comaquiticaca ycpac yn ical yn intlacatecolouh yn quimoteotiaya tlatillolca, yhuan yn itepotzo; auh ynic ompa ycpac tlecoque yn inteocal ompan tlecohuayan ynic tlayxnamiquia, auh ompa ynpan tlecoque yn mexica tenochca.","In Moquiuh yhuan in imauhtin oquitzacuque yn teocalli; yn tlahtohuani yn iquac moquetz yn itlahtolli yn quetzalcoatl, yn ipan in tlachihuallotl yn tlatilulca, ynic mochintin yn imauhtin; yn oquitzacuque yn teocalli yn icpac, ynic mochintin yn quimocuepazque, ynic mochintin yn mexica tenochca. <end_of_turn>","In Moquihuix īhuān in ītepotzocauh tlehcōqueh in tēōcalli; in tlahtoāni moquetzticāca, quetzaltlapactli quicuicaticāca, in īpan in tlacatecolocal in tlein quimoteōtiāyah in tlatilolca, auh in īnāhuac īcac in ītepotzocauh; in tlacpac tēōcalli tlehcōqueh inic ompa mopiāzqueh, tēl nō niman tētēpan tlehcōqueh in mēxihcah tenōchcah.","ERROR_OPENAI: Error code: 400 - {'error': {'message': ""Unsupported value: 'temperature' does not support 0.0 with this model. Only the default (1) value is supported."", 'type': 'invalid_request_error', 'param': 'temperature', 'code': 'unsupported_value'}}",1,5,1
½ cebolla,Tlahcoxonacatl,"Tlachichineli
<end_of_turn>",Tlahco xonacatl,"ERROR_OPENAI: Error code: 400 - {'error': {'message': ""Unsupported value: 'temperature' does not support 0.0 with this model. Only the default (1) value is supported."", 'type': 'invalid_request_error', 'param': 'temperature', 'code': 'unsupported_value'}}",1,5,1
" Por esto me ama el Padre, porque yo pongo mi vida, para volverla a tomar",'NoTajtzin nechtlajsojtla pampa nictemaca nonemilis para noborregos.Niman quemaj ocsejpa ninoyolihuitis. ,"In ipampa inin nictlazohtlani in Tlacatl Iteuctli, pampa nechtlacatiz in totlalnamiquiliztli, inic nechmacaz.","Ic nechmotlahtlazotilia in Tetahtzin, yehica ca nictlalia in noyoliz, inic occeppa niquihcuiz.","ERROR_OPENAI: Error code: 400 - {'error': {'message': ""Unsupported value: 'temperature' does not support 0.0 with this model. Only the default (1) value is supported."", 'type': 'invalid_request_error', 'param': 'temperature', 'code': 'unsupported_value'}}",1,5,1
Atrás de nosotros viene un carro.,Tocuitlapan huitz cente calmimilolli.,In tlatzintlan ce tepoztli.,Toteputzco huitz tepozmalacatl.,"ERROR_OPENAI: Error code: 400 - {'error': {'message': ""Unsupported value: 'temperature' does not support 0.0 with this model. Only the default (1) value is supported."", 'type': 'invalid_request_error', 'param': 'temperature', 'code': 'unsupported_value'}}",2,5,1
1 kilo de bisteces,Ce kilo bisté,Xitlaxkalli tlacuahuitl<end_of_turn>,Ce quilo cuacuahueh nacatl.,"ERROR_OPENAI: Error code: 400 - {'error': {'message': ""Unsupported value: 'temperature' does not support 0.0 with this model. Only the default (1) value is supported."", 'type': 'invalid_request_error', 'param': 'temperature', 'code': 'unsupported_value'}}",1,5,1
 ¿Qué armonía hay entre Cristo y Belial?¿Qué parte tiene el creyente con el no creyente,Noso ¿quen ijqui huelis san se iyojlo quipias Cristo ihuan on Satanás?Noso ¿quen ijqui huelis san se tlamachilistli quipias on tlaneltocaquetl ihuan on yejhuan xtlaneltoca? ,¿Tlen cuajli tlatzotzoniliztli in Cristo ihuan Belial?¿Tlen tlamantli quipia in tlaneltocatlahtlani ihuan in ahtle tlaneltocatlahtlani?<end_of_turn>,¿Tlein necetiliztli in Cristo ihuan in Belial? ¿Ihuan tlein itonal in tlaneltocani itlan in amo tlaneltocani?,"ERROR_OPENAI: Error code: 400 - {'error': {'message': ""Unsupported value: 'temperature' does not support 0.0 with this model. Only the default (1) value is supported."", 'type': 'invalid_request_error', 'param': 'temperature', 'code': 'unsupported_value'}}",3,5,1
" Todos iban para inscribirse en el censo, cada uno a su ciudad",Ipan on tonaltin nochi tlacatl yaya cada se ipan ipueblo campa nemiya san secan ichanecahuan para ompa onijcuiloto ipan on censo. ,"Nochi tlatlauhtiaqueh in tlaxtlahuiliztli, nochi tlahtolli inic mochihuaz in huehcauh tlaxtlahuiliztli. In tlacameh quinotzqueh ipan in huehcauh tlaxtlahuiliztli. In tlacameh quinotzqueh ipan in huehcauh tlaxtlahuiliztli. In tlacameh quinotzqueh ipan in huehcauh tlaxtlahuiliztli.","Mochintin yahuiyah inic motocahcuilozqueh, cehceyntin innaltepeuh ipan.","ERROR_OPENAI: Error code: 400 - {'error': {'message': ""Unsupported value: 'temperature' does not support 0.0 with this model. Only the default (1) value is supported."", 'type': 'invalid_request_error', 'param': 'temperature', 'code': 'unsupported_value'}}",1,5,1
"Pero no fue posible realizar la procesión, que se suspendió por haberse pregonado que durante los días de la semana santa en ningún lugar se hicieran procesiones, que tampoco se hicieran procesiones durante la pascua florida de Resurrección, y que nadie, español o natural, se disciplinara durante los días de esta semana santa, imponiendo una pena de 50 pesos a quien sorprendieran revestido con túnica.","Auh ca yc ayamo huel mochihuin yqu itlacauh yc çan mocauh yn ipampa yc tzatzihuac in huel yzquilhuitl ypan yc ce semana sancta ynic acan tlayahualoloz, yhuan ynmanel no ypan xuchipasqua de Resurectión amono huel tlayahualoloz, yhuan amonoyac huel mohuitequiz yn españoles yhuan yn timacehualtin yn ipan yzquilhuitl omoteneuh semana sancta, pena motlalli yn aquin dúniga yc canazque onpohuallonmatlactli pesos yxtlahualtiloz.","Auh ayac mochiuh in tlatzotzonalli, ye quiximotzontli yn ipan in tlaxtlahuallotl ypan in tlamachtiliztli ypan in tlahtolli yehuatl in quihualmohuicac yn ipan in tlamachtiliztli ypan in tlahtolli yehuatl in quihualmohuicac yn ipan in tlamachtiliztli ypan in tlahtolli yehuatl in quihualmohuic","Auh amo huel mochiuh in nehnemiliztli, in onmocauh yehica ca omotlahtolpohualliloc in ca amocan mochiuaz nehnemiliztli in ipan Semana Santa, auh niman amo no mochiuaz in ipan Pascua de Resurrección, auh ayac, in caxtiltecatl ahnozo macehualli, motlacahuitequiz in ipan inin Semana Santa; auh inic tlatzacuililoz ompohualli onmatlactli pesos in aquin itech neztiaz in tlacuamanaltica tlaquentitica.","ERROR_OPENAI: Error code: 400 - {'error': {'message': ""Unsupported value: 'temperature' does not support 0.0 with this model. Only the default (1) value is supported."", 'type': 'invalid_request_error', 'param': 'temperature', 'code': 'unsupported_value'}}",1,5,1
" Otra vez os digo que le es más fácil a un camello pasar por el ojo de una aguja, que a un rico entrar en el reino de Dios",Ocsejpa nemechijlia ica más ohuijticaj para se rico calaquis ne campa Dios tlamandarohua xquen para se camello panos ipan on campa tlacoyoniaj ican aguja. ,"In yejhua in ocsejpa nemechijlis: “Nochi tlahuel hueyitlajsojtla inin oncamelos yejhuan quipia on oquichiu itzintli, xhuelis on tlatzacuani yejhuan tlacatl quipia on tlatlacolnemilistli ipan in itlanahuatil in Dios. ”<end_of_turn>","Occeppa namechilhuia: ca achi amo ohuih in panoz ce camello in itic ce huitztli iyotl, in amo iuhqui ce mocuiltonohuani in calaquiz in Dios itlahtohcayopan.","ERROR_OPENAI: Error code: 400 - {'error': {'message': ""Unsupported value: 'temperature' does not support 0.0 with this model. Only the default (1) value is supported."", 'type': 'invalid_request_error', 'param': 'temperature', 'code': 'unsupported_value'}}",2,5,1
¡En verdad me matarán!Trajo entonces un grueso madero,"¡Anca ye nechmictizque!Quihualhuica in huepantli,","'¡Tla niquinmictiz!' significa ""¡Me matarán!"".
Un huehuetl es una",—¡Ca nel nechmictizqueh! Niman ic quihuicac ce tomahuac cuahuitl.,"ERROR_OPENAI: Error code: 400 - {'error': {'message': ""Unsupported value: 'temperature' does not support 0.0 with this model. Only the default (1) value is supported."", 'type': 'invalid_request_error', 'param': 'temperature', 'code': 'unsupported_value'}}",1,5,1
"9 Acatl, 695.","IX Acatl xihuitl, 695 años.","IX Acatl, 695.","Chicunaui Acatl, centzontli ipan matlactli onnahui poalli ipan caxtolli.","ERROR_OPENAI: Error code: 400 - {'error': {'message': ""Unsupported value: 'temperature' does not support 0.0 with this model. Only the default (1) value is supported."", 'type': 'invalid_request_error', 'param': 'temperature', 'code': 'unsupported_value'}}",3,5,1
polvoso con ceniza,tlegonexo,"In tlatzotzonacatl.  
In tlatzotzonacatl in tliltic.  
In tlatzotzonacatl in tliltic in tlatzotzonacatl.  
In tlatzotzonacatl in tliltic in tlatzotzonacatl.  
In tlatzotzonacatl in tliltic in tlatzotzonacatl.  
In tlatzotzonacatl in tliltic in tlatzotzonacatl.  
In tlatzotzonacatl in tliltic in tlatz",Nexteuhtiyo,"ERROR_OPENAI: Error code: 400 - {'error': {'message': ""Unsupported value: 'temperature' does not support 0.0 with this model. Only the default (1) value is supported."", 'type': 'invalid_request_error', 'param': 'temperature', 'code': 'unsupported_value'}}",1,5,1
" Y dijo: --¿Dónde le habéis puesto?Le dijeron: --Señor, ven y ve","niman oquintlajtoltij: ―¿Canon onenquitocaquej?Niman oquijlijquej: ―ToTeco, xhuajla xquitaqui. ",Yehuatzin oquimijlij: ―¿Tlinon oncaj,"Auh quimitalhui: ¿Campa anquimotlalilique? Quimolhuilique: Tlacatlé, xihuallauh, auh xiquitta.","ERROR_OPENAI: Error code: 400 - {'error': {'message': ""Unsupported value: 'temperature' does not support 0.0 with this model. Only the default (1) value is supported."", 'type': 'invalid_request_error', 'param': 'temperature', 'code': 'unsupported_value'}}",1,5,1
recordaría,ilnamiguiskia,"Ximomotemoa
<end_of_turn>",Quilnamiquizquia,"ERROR_OPENAI: Error code: 400 - {'error': {'message': ""Unsupported value: 'temperature' does not support 0.0 with this model. Only the default (1) value is supported."", 'type': 'invalid_request_error', 'param': 'temperature', 'code': 'unsupported_value'}}",1,5,1
 Estas cosas dijo Isaías porque vio su gloria y habló acerca de él,Yejhua in tlajtlamach oquijtoj Isaías pampa oquitac ihueyilis Jesús niman otlajtoj ica yejhua. ,Inin oquimijlij on yejhuan itoca Isaías in tlajtlamach yejhuan quen oquichiu ipan on tlamantli yejhuan oquichiu ipan on yejhuan oquichiu ipan on tlanahuatijli yejhuan oquichiu ipan on yejhuan oquichiu ipan on tlanahuatijli yejhuan oquichiu ipan on yejhuan oquichiu ipan on tlanahuatijli yejhuan oquichiu ipan on yejhuan,"Inin quihtoh Isaias, yehica quittac in imahuizyo, ihuan itechpa tlahtoh.","ERROR_OPENAI: Error code: 400 - {'error': {'message': ""Unsupported value: 'temperature' does not support 0.0 with this model. Only the default (1) value is supported."", 'type': 'invalid_request_error', 'param': 'temperature', 'code': 'unsupported_value'}}",1,5,1
" Pero cuando ellos oyeron que estaba vivo y que había sido visto por ella, no lo creyeron","Pero ijcuac ocacquej ica Jesús yoyoliu niman yonoquetzteu ipan itlalcon, niman ica María oquitac, yejhuamej xoquineltocaquej. ","Pero ijcuac on yejhuan tlajtlacolehuan oquimatiayaquej ica yejhua yejhua oquixmatij niman yejhua oquintlachixtij, xnenemiliaj.","Auh in ihcuac quicaxqueh in ca yoli, ihuan in oquimottili, amo quineltocaqueh.","ERROR_OPENAI: Error code: 400 - {'error': {'message': ""Unsupported value: 'temperature' does not support 0.0 with this model. Only the default (1) value is supported."", 'type': 'invalid_request_error', 'param': 'temperature', 'code': 'unsupported_value'}}",2,5,1
"Donde no lo cortan, crece muy alto.",Mochiua yek ueyi kuouit kampa amo kitentekij.,"In tlen amo quitzotzona, zan huehcauh mozcaltia.","Campa amo quitequih, cenca hueyac mozcaltia.","ERROR_OPENAI: Error code: 400 - {'error': {'message': ""Unsupported value: 'temperature' does not support 0.0 with this model. Only the default (1) value is supported."", 'type': 'invalid_request_error', 'param': 'temperature', 'code': 'unsupported_value'}}",2,5,1
hace (mole),molchiua,"Xikitta.  
### Explicación
### Xikitta
### Xikitta
### Xikitta
### Xikitta
### Xikitta
### Xikitta
### Xikitta
### Xikitta
### Xikitta
### Xikitta
### Xikitta
### Xikitta
### Xikitta
### Xikitta
### Xikitta
### Xikitta
### Xikitta
### Xikitta
### Xikitta
### Xikitta
### Xikitta
### Xikitta
### Xikitta
### Xik",Mōlchīhua,"ERROR_OPENAI: Error code: 400 - {'error': {'message': ""Unsupported value: 'temperature' does not support 0.0 with this model. Only the default (1) value is supported."", 'type': 'invalid_request_error', 'param': 'temperature', 'code': 'unsupported_value'}}",1,5,1
Y las dichas casas y suelo dellas y paredes se vendan en veynte pesos y las compre Ana Xuarez mi sobrina porque las casas están edificadas en sus propias tierras y el callejon que Va a dar hasta el acequia [atentli] pertenecen y son de las dichas casas.,Auh yn calli yoan ytlallo ytenpanyo monamacaz cempoalli mocuiz yehoatl quimanaz yn nopilotzin Ana Xuarez ca nel ytlalpantzinco yn ipan ycac calli auh yn atentli ca nel ymaxcatzin ca muchi quicenhuica.,Yn oquimocuazque in calli yn itoca Ximoteuctli yhuan in tlalli yn ipan calli yhuan in calli tlatzontli yn quinmocuazque yn ome tomin yn quimocuitlahuiz yn Ana Xuarez noyolcuitzin ynic quimocuitlahuiz yn calli yn itoca Ximoteuctli ynic quimocuitlahuiz yn calli yn itoca Ximoteuctli ynic quimocuitlahuiz yn calli yn itoca,"Auh inonqueh calli, ihuan in tlalli in oncan mani, ihuan in itepanyo, cempoal pesos ic monamoyoz; auh quicohuaz in nomach itoca Ana Xuarez, yehica in calli itlalpan niman ic mani. Ihuan in caltzontli in ompa onaci in atentli, itech pohui ihuan imaxca inonqueh calli.","ERROR_OPENAI: Error code: 400 - {'error': {'message': ""Unsupported value: 'temperature' does not support 0.0 with this model. Only the default (1) value is supported."", 'type': 'invalid_request_error', 'param': 'temperature', 'code': 'unsupported_value'}}",1,4,1
100 gramos de chiles serranos o	de árbol,Macuilpoalli gr. chilpitzahuac ahnozo cuauhchilli,"Xihuitl chilhuitl itech chilhuitl ihuan chilhuacan.  
Ichiuhcayotl chilhuitl itech chilhuitl ihuan chilhuacan.  
Tlahuelchicahualtli chilhuitl itech chilhuitl ihuan chilhuacan.  
Tlahuelchicahualtli chilhuitl itech chilhuitl ihuan chilhuacan.  
Tlahuelchicahualtli chilhuitl it",Macuilpohualli gramo tepechilli noso cuauhchilli.,"ERROR_OPENAI: Error code: 400 - {'error': {'message': ""Unsupported value: 'temperature' does not support 0.0 with this model. Only the default (1) value is supported."", 'type': 'invalid_request_error', 'param': 'temperature', 'code': 'unsupported_value'}}",1,5,1
mal olor,ijiali,"Xikualolli
### Explicación
### Xikualolli
### Xikualolli
### Xikualolli
### Xikualolli
### Xikualolli
### Xikualolli
### Xikualolli
### Xikualolli
### Xikualolli
### Xikualolli
### Xikualolli
### Xikualolli
### Xikualolli
### Xikualolli
### Xikualolli
### Xikualolli
### Xikualol",Ihiyac,"ERROR_OPENAI: Error code: 400 - {'error': {'message': ""Unsupported value: 'temperature' does not support 0.0 with this model. Only the default (1) value is supported."", 'type': 'invalid_request_error', 'param': 'temperature', 'code': 'unsupported_value'}}",1,5,1
Ella vendrá de los Estados Unidos.,Yehua Estados Unidos onhualaz.,Yehuatl tlanahuatia ipan in Tlatocayotl Tlatzintlan.,Huallaz huicpa Estados Unidos.,"ERROR_OPENAI: Error code: 400 - {'error': {'message': ""Unsupported value: 'temperature' does not support 0.0 with this model. Only the default (1) value is supported."", 'type': 'invalid_request_error', 'param': 'temperature', 'code': 'unsupported_value'}}",1,5,1
El hierro es más duro que la piedra.,In tepoztli ocachi tepitztic queh in tetl.,In teocuitlatl cenca chicahuac in tetl.,In tepoztli quipanahuia in tetl inic tepiztic.,"ERROR_OPENAI: Error code: 400 - {'error': {'message': ""Unsupported value: 'temperature' does not support 0.0 with this model. Only the default (1) value is supported."", 'type': 'invalid_request_error', 'param': 'temperature', 'code': 'unsupported_value'}}",2,5,1
